CREATE DATABASE  IF NOT EXISTS `conservationchamberdb` /*!40100 DEFAULT CHARACTER SET utf8mb4 COLLATE utf8mb4_0900_ai_ci */ /*!80016 DEFAULT ENCRYPTION='N' */;
USE `conservationchamberdb`;
-- MySQL dump 10.13  Distrib 8.0.25, for Win64 (x86_64)
--
-- Host: localhost    Database: conservationchamberdb
-- ------------------------------------------------------
-- Server version	8.0.25

/*!40101 SET @OLD_CHARACTER_SET_CLIENT=@@CHARACTER_SET_CLIENT */;
/*!40101 SET @OLD_CHARACTER_SET_RESULTS=@@CHARACTER_SET_RESULTS */;
/*!40101 SET @OLD_COLLATION_CONNECTION=@@COLLATION_CONNECTION */;
/*!50503 SET NAMES utf8 */;
/*!40103 SET @OLD_TIME_ZONE=@@TIME_ZONE */;
/*!40103 SET TIME_ZONE='+00:00' */;
/*!40014 SET @OLD_UNIQUE_CHECKS=@@UNIQUE_CHECKS, UNIQUE_CHECKS=0 */;
/*!40014 SET @OLD_FOREIGN_KEY_CHECKS=@@FOREIGN_KEY_CHECKS, FOREIGN_KEY_CHECKS=0 */;
/*!40101 SET @OLD_SQL_MODE=@@SQL_MODE, SQL_MODE='NO_AUTO_VALUE_ON_ZERO' */;
/*!40111 SET @OLD_SQL_NOTES=@@SQL_NOTES, SQL_NOTES=0 */;

--
-- Table structure for table `author`
--

DROP TABLE IF EXISTS `author`;
/*!40101 SET @saved_cs_client     = @@character_set_client */;
/*!50503 SET character_set_client = utf8mb4 */;
CREATE TABLE `author` (
  `AuthorID` int NOT NULL AUTO_INCREMENT,
  `FirstName` varchar(45) DEFAULT NULL,
  `LastName` varchar(45) DEFAULT NULL,
  `CountryCode` char(2) NOT NULL,
  PRIMARY KEY (`AuthorID`),
  UNIQUE KEY `AuthorID` (`AuthorID`),
  KEY `fk_CountryCode` (`CountryCode`),
  CONSTRAINT `fk_CountryCode` FOREIGN KEY (`CountryCode`) REFERENCES `country` (`CountryCode`)
) ENGINE=InnoDB AUTO_INCREMENT=22 DEFAULT CHARSET=utf8mb3;
/*!40101 SET character_set_client = @saved_cs_client */;

--
-- Dumping data for table `author`
--

LOCK TABLES `author` WRITE;
/*!40000 ALTER TABLE `author` DISABLE KEYS */;
INSERT INTO `author` VALUES (-1,'unknown','unknown','US'),(1,'Anna','Sewell','GB'),(2,'Aldous','Huxley','GB'),(3,'Nicci','Gerrard','GB'),(4,'Mark','Haddon','GB'),(5,'Audrey','Niffenegger','US'),(6,'John','Grisham','US'),(7,'J.D.','Salinger','US'),(8,'Claire','King','GB'),(9,'Adam','Silvera','US'),(10,'David','Levithan','US'),(11,'Michael','Morpurgo','GB'),(12,'E.','Lockhart','US'),(13,'Philip','Roth','US'),(14,'Joelle','Charbonneau','US'),(15,'David','Gibbins','CA'),(18,'William','Boyd','GB'),(20,'Els','Beerten','UN'),(21,'James','Mylet','UN');
/*!40000 ALTER TABLE `author` ENABLE KEYS */;
UNLOCK TABLES;

--
-- Table structure for table `book`
--

DROP TABLE IF EXISTS `book`;
/*!40101 SET @saved_cs_client     = @@character_set_client */;
/*!50503 SET character_set_client = utf8mb4 */;
CREATE TABLE `book` (
  `BookID` int NOT NULL AUTO_INCREMENT,
  `RfidUid` char(14) DEFAULT NULL,
  `Barcode` char(13) DEFAULT '0000000000000',
  `Title` varchar(100) NOT NULL,
  `AuthorID` int NOT NULL DEFAULT '-1',
  `LanguageCode` char(2) NOT NULL DEFAULT 'en',
  `Pages` int unsigned NOT NULL DEFAULT '0',
  `ImgPath` varchar(100) DEFAULT 'defaultimg.jpg',
  `PresentInChamber` tinyint(1) DEFAULT '0',
  PRIMARY KEY (`BookID`),
  UNIQUE KEY `BookID` (`BookID`),
  UNIQUE KEY `RfidUid` (`RfidUid`),
  UNIQUE KEY `RfidUid_2` (`RfidUid`),
  UNIQUE KEY `RfidUid_3` (`RfidUid`),
  UNIQUE KEY `Barcode` (`Barcode`),
  KEY `fk_LanguageCode` (`LanguageCode`),
  KEY `fk_AuthorID` (`AuthorID`),
  CONSTRAINT `fk_AuthorID` FOREIGN KEY (`AuthorID`) REFERENCES `author` (`AuthorID`),
  CONSTRAINT `fk_LanguageCode` FOREIGN KEY (`LanguageCode`) REFERENCES `language` (`LanguageCode`)
) ENGINE=InnoDB AUTO_INCREMENT=20 DEFAULT CHARSET=utf8mb3;
/*!40101 SET character_set_client = @saved_cs_client */;

--
-- Dumping data for table `book`
--

LOCK TABLES `book` WRITE;
/*!40000 ALTER TABLE `book` DISABLE KEYS */;
INSERT INTO `book` VALUES (-1,'00000000000000','0000000000000','unknown',-1,'en',0,'defaultimg.jpg',0),(1,'8804406DA1','9781471403989','We Were Liars',12,'en',225,'img/wewereliars.jpg',1),(2,'88044076BA','9780099539469','Indignation',13,'en',231,'img/indignation.jpg',1),(3,'88044073BF','9780007150076','Private Peaceful',11,'en',185,'img/privatepeaceful.jpg',1),(4,'4','9780307931894','Every Day',10,'en',324,'img/everyday.jpg',0),(5,'5','978147368459','The Reckoning',6,'en',500,'img/thereckoning.jpg',0),(6,'6','9780099593843','The Time Traveler\'s Wife',5,'en',615,'img/thetimetravelerswife.jpg',0),(7,'7','9781471166204','They Both Die at the End',9,'en',368,'img/theybothdieattheend.jpg',0),(8,'8','9781408841846','The Night Rainbow',8,'en',263,'img/thenightrainbow.jpg',0),(9,'9','9780241950425','The Catcher in the Rye',7,'en',230,'img/defaultimg.jpg',0),(10,'10','9781908533203','Black Beauty',1,'en',211,'img/defaultimg.jpg',0),(11,'11','9780755338061','Atlantis',15,'en',451,'img/defaultimg.jpg',0),(12,'12','978009947043','The Curious Incident of the Dog in the Night-Time',4,'en',272,'img/defaultimg.jpg',0),(13,'13','9781405940337','The Winter House',3,'en',372,'img/defaultimg.jpg',0),(14,'14','9780099477464','Brave New World',2,'en',229,'img/defaultimg.jpg',0),(15,'15','9781848776531','The Testing',14,'en',382,'img/defaultimg.jpg',0),(16,'16','9781471407017','Independent Study',14,'en',382,'img/defaultimg.jpg',0),(17,'17','978054454120','Graduation Day',14,'en',291,'img/defaultimg.jpg',0),(18,'18','9781408835180','Restless',18,'en',325,'img/defaultimg.jpg',0),(19,'88044079B5','9789041417916','Lex',21,'nl',245,'img/defaultimg.jpg',1);
/*!40000 ALTER TABLE `book` ENABLE KEYS */;
UNLOCK TABLES;

--
-- Table structure for table `component`
--

DROP TABLE IF EXISTS `component`;
/*!40101 SET @saved_cs_client     = @@character_set_client */;
/*!50503 SET character_set_client = utf8mb4 */;
CREATE TABLE `component` (
  `ComponentID` int NOT NULL AUTO_INCREMENT,
  `Name` varchar(45) NOT NULL,
  `Unit` varchar(45) DEFAULT '',
  `Description` varchar(45) DEFAULT 'No description given',
  PRIMARY KEY (`ComponentID`),
  UNIQUE KEY `SensorID` (`ComponentID`)
) ENGINE=InnoDB AUTO_INCREMENT=8 DEFAULT CHARSET=utf8mb3;
/*!40101 SET character_set_client = @saved_cs_client */;

--
-- Dumping data for table `component`
--

LOCK TABLES `component` WRITE;
/*!40000 ALTER TABLE `component` DISABLE KEYS */;
INSERT INTO `component` VALUES (-1,'unknown','','No description given'),(1,'Temperature','°C','Gets the temperature in the chamber'),(2,'Humidity','%','Gets the humidity in the chamber'),(3,'LDR','%','Gets the percentage of light in the chamber'),(4,'RC522','','Read the id of an RFID tag'),(5,'Keypad','','Gets inserted number'),(6,'Servo','','Open/close the lock'),(7,'Fan','','Turn the fan on/off');
/*!40000 ALTER TABLE `component` ENABLE KEYS */;
UNLOCK TABLES;

--
-- Table structure for table `country`
--

DROP TABLE IF EXISTS `country`;
/*!40101 SET @saved_cs_client     = @@character_set_client */;
/*!50503 SET character_set_client = utf8mb4 */;
CREATE TABLE `country` (
  `CountryCode` char(2) NOT NULL,
  `Country` varchar(45) NOT NULL,
  PRIMARY KEY (`CountryCode`),
  UNIQUE KEY `CountryCode` (`CountryCode`),
  UNIQUE KEY `Country` (`Country`)
) ENGINE=InnoDB DEFAULT CHARSET=utf8mb3;
/*!40101 SET character_set_client = @saved_cs_client */;

--
-- Dumping data for table `country`
--

LOCK TABLES `country` WRITE;
/*!40000 ALTER TABLE `country` DISABLE KEYS */;
INSERT INTO `country` VALUES ('CA','Canada'),('GB','United Kingdom'),('US','United States of America'),('UN','Unknown');
/*!40000 ALTER TABLE `country` ENABLE KEYS */;
UNLOCK TABLES;

--
-- Table structure for table `history`
--

DROP TABLE IF EXISTS `history`;
/*!40101 SET @saved_cs_client     = @@character_set_client */;
/*!50503 SET character_set_client = utf8mb4 */;
CREATE TABLE `history` (
  `EntryID` int unsigned NOT NULL AUTO_INCREMENT,
  `EntryDate` datetime DEFAULT CURRENT_TIMESTAMP,
  `Value` float DEFAULT '0',
  `Action` tinyint(1) DEFAULT '-1',
  `RfidUid` char(14) DEFAULT '00000000000000',
  `ComponentID` int DEFAULT '-1',
  `BookID` int DEFAULT '-1',
  PRIMARY KEY (`EntryID`),
  UNIQUE KEY `EntryID` (`EntryID`),
  KEY `fk_ComponentID` (`ComponentID`),
  KEY `fk_BookID` (`BookID`),
  CONSTRAINT `fk_BookID` FOREIGN KEY (`BookID`) REFERENCES `book` (`BookID`),
  CONSTRAINT `fk_ComponentID` FOREIGN KEY (`ComponentID`) REFERENCES `component` (`ComponentID`)
) ENGINE=InnoDB AUTO_INCREMENT=1171 DEFAULT CHARSET=utf8mb3;
/*!40101 SET character_set_client = @saved_cs_client */;

--
-- Dumping data for table `history`
--

LOCK TABLES `history` WRITE;
/*!40000 ALTER TABLE `history` DISABLE KEYS */;
INSERT INTO `history` VALUES (5,'2021-05-24 13:51:23',22.9,-1,'00000000000000',1,-1),(6,'2021-05-24 13:52:40',48,-1,'00000000000000',2,-1),(7,'2021-05-24 13:52:40',36,-1,'00000000000000',3,-1),(8,'2021-05-24 13:53:40',0,1,'00000000000000',7,-1),(9,'2021-05-24 13:53:40',21.7,-1,'00000000000000',1,-1),(10,'2021-05-24 13:53:40',44,-1,'00000000000000',2,-1),(11,'2021-05-24 13:53:42',35,-1,'00000000000000',3,-1),(12,'2021-05-24 13:55:44',0,0,'0406d00564103',4,-1),(13,'2021-05-24 13:55:44',20.3,-1,'00000000000000',1,-1),(14,'2021-05-24 13:55:44',41,-1,'00000000000000',2,-1),(15,'2021-05-24 13:55:44',41,-1,'00000000000000',3,-1),(16,'2021-05-24 13:56:51',0,0,'04407300f04103',4,1),(17,'2021-05-24 13:56:51',19.6,-1,'00000000000000',1,-1),(18,'2021-05-24 13:56:51',38,-1,'00000000000000',2,-1),(19,'2021-05-24 13:56:51',32,-1,'00000000000000',3,-1),(20,'2021-05-24 13:57:44',19.1,-1,'00000000000000',1,-1),(21,'2021-05-24 13:57:44',34,-1,'00000000000000',2,-1),(22,'2021-05-24 13:57:44',35,-1,'00000000000000',3,-1),(23,'2021-05-24 13:59:59',0,0,'00000000000000',7,-1),(24,'2021-05-24 13:59:59',18.7,-1,'00000000000000',1,-1),(25,'2021-05-24 13:59:59',36,-1,'00000000000000',2,-1),(26,'2021-05-24 13:59:59',34,-1,'00000000000000',3,-1),(27,'2021-05-24 13:59:59',18.2,-1,'00000000000000',1,-1),(28,'2021-05-24 13:59:59',34,-1,'00000000000000',2,-1),(29,'2021-05-24 13:59:59',33,-1,'00000000000000',3,-1),(33,'2021-05-24 14:02:04',17.9,-1,'00000000000000',1,-1),(34,'2021-05-24 14:02:04',31,-1,'00000000000000',2,-1),(35,'2021-05-24 14:02:04',35,-1,'00000000000000',3,-1),(36,'2021-05-24 14:02:04',0,0,'00000000000000',7,-1),(37,'2021-05-24 14:02:56',18.1,-1,'00000000000000',1,-1),(38,'2021-05-24 14:02:56',31,-1,'00000000000000',2,-1),(39,'2021-05-24 14:02:56',36,-1,'00000000000000',3,-1),(40,'2021-05-24 14:03:21',18.3,-1,'00000000000000',1,-1),(41,'2021-05-24 14:03:21',32,-1,'00000000000000',2,-1),(42,'2021-05-24 14:03:21',34,-1,'00000000000000',3,-1),(43,'2021-05-24 14:04:03',18.4,-1,'00000000000000',1,-1),(44,'2021-05-24 14:04:03',32,-1,'00000000000000',2,-1),(45,'2021-05-24 14:04:03',28,-1,'00000000000000',3,-1),(46,'2021-05-24 14:04:34',18.5,-1,'00000000000000',1,-1),(47,'2021-05-24 14:04:34',33,-1,'00000000000000',2,-1),(48,'2021-05-24 14:04:34',26,-1,'00000000000000',3,-1),(49,'2021-05-24 14:05:00',18.7,-1,'00000000000000',1,-1),(50,'2021-05-24 14:05:00',34,-1,'00000000000000',2,-1),(51,'2021-05-24 14:05:00',24,-1,'00000000000000',3,-1),(52,'2021-05-24 14:05:24',18.8,-1,'00000000000000',1,-1),(53,'2021-05-24 14:05:24',35,-1,'00000000000000',2,-1),(54,'2021-05-24 14:05:24',22,-1,'00000000000000',3,-1),(55,'2021-05-24 14:06:06',18.9,-1,'00000000000000',1,-1),(56,'2021-05-24 14:06:06',36,-1,'00000000000000',2,-1),(57,'2021-05-24 14:06:06',23,-1,'00000000000000',3,-1),(60,'2021-05-25 09:06:06',27.87,-1,'00000000000000',3,-1),(61,'2021-05-25 09:30:56',44.66,-1,'00000000000000',3,-1),(62,'2021-05-25 09:31:04',38.07,-1,'00000000000000',3,-1),(63,'2021-05-25 09:31:24',59.32,-1,'00000000000000',3,-1),(64,'2021-05-25 09:31:30',46.57,-1,'00000000000000',3,-1),(65,'2021-05-25 09:31:42',46.89,-1,'00000000000000',3,-1),(66,'2021-05-25 10:00:20',45.47,-1,'00000000000000',3,-1),(67,'2021-05-25 10:13:52',46.5,-1,'00000000000000',3,-1),(68,'2021-05-25 10:13:59',31.7,-1,'00000000000000',3,-1),(69,'2021-05-25 10:41:29',54.09,-1,'00000000000000',3,-1),(70,'2021-05-25 10:41:37',52.48,-1,'00000000000000',3,-1),(71,'2021-05-25 10:41:42',22.34,-1,'00000000000000',3,-1),(72,'2021-05-25 12:54:41',53.77,-1,'00000000000000',3,-1),(73,'2021-05-25 12:56:30',34.68,-1,'00000000000000',3,-1),(74,'2021-05-25 13:10:03',9.89,-1,'00000000000000',3,-1),(75,'2021-05-25 13:11:01',8.84,-1,'00000000000000',3,-1),(76,'2021-05-25 13:11:43',51.06,-1,'00000000000000',3,-1),(77,'2021-05-25 13:14:20',48.99,-1,'00000000000000',3,-1),(78,'2021-05-25 17:03:11',61.32,-1,'00000000000000',3,-1),(79,'2021-05-25 22:16:28',0,1,'00000000000000',7,-1),(80,'2021-05-25 22:19:24',0,0,'00000000000000',7,-1),(81,'2021-05-25 22:19:55',0,0,'00000000000000',7,-1),(82,'2021-05-25 22:35:48',8.55,-1,'00000000000000',3,-1),(84,'2021-05-26 08:04:30',0,0,'00000000000000',7,-1),(85,'2021-05-26 08:07:46',0,0,'00000000000000',7,-1),(86,'2021-05-26 08:08:22',0,1,'00000000000000',7,-1),(87,'2021-05-26 08:08:34',0,0,'00000000000000',7,-1),(88,'2021-05-26 08:09:54',0,1,'00000000000000',7,-1),(89,'2021-05-26 08:24:25',46.54,-1,'00000000000000',3,-1),(90,'2021-05-26 08:28:12',0,0,'00000000000000',7,-1),(91,'2021-05-26 08:28:20',0,1,'00000000000000',7,-1),(92,'2021-05-26 08:47:43',47.33,-1,'00000000000000',3,-1),(93,'2021-05-26 08:48:01',0,0,'00000000000000',7,-1),(94,'2021-05-26 08:49:16',0,1,'00000000000000',7,-1),(95,'2021-05-26 08:56:07',0,0,'00000000000000',7,-1),(96,'2021-05-26 08:56:15',0,1,'00000000000000',7,-1),(97,'2021-05-26 08:56:32',0,0,'00000000000000',7,-1),(98,'2021-05-26 08:57:07',0,1,'00000000000000',7,-1),(99,'2021-05-26 08:57:14',0,0,'00000000000000',7,-1),(100,'2021-05-26 08:57:27',0,1,'00000000000000',7,-1),(101,'2021-05-26 08:57:39',0,0,'00000000000000',7,-1),(102,'2021-05-26 08:57:58',0,1,'00000000000000',7,-1),(103,'2021-05-26 08:58:08',46.52,-1,'00000000000000',3,-1),(104,'2021-05-26 08:58:22',0,0,'00000000000000',7,-1),(105,'2021-05-26 11:38:38',56.29,-1,'00000000000000',3,-1),(106,'2021-05-26 11:38:45',0,1,'00000000000000',7,-1),(107,'2021-05-26 11:39:00',0,0,'00000000000000',7,-1),(108,'2021-05-26 11:39:42',0,1,'00000000000000',7,-1),(109,'2021-05-26 11:39:48',0,0,'00000000000000',7,-1),(110,'2021-05-26 11:40:15',0,1,'00000000000000',7,-1),(111,'2021-05-26 11:40:25',59.68,-1,'00000000000000',3,-1),(112,'2021-05-26 11:40:29',0,0,'00000000000000',7,-1),(113,'2021-05-26 11:42:06',0,1,'00000000000000',7,-1),(114,'2021-05-26 11:42:15',0,0,'00000000000000',7,-1),(115,'2021-05-26 11:50:25',53.38,-1,'00000000000000',3,-1),(116,'2021-05-26 12:00:41',56.09,-1,'00000000000000',3,-1),(117,'2021-05-26 12:31:34',57.19,-1,'00000000000000',3,-1),(118,'2021-05-26 12:39:09',0,1,'00000000000000',7,-1),(119,'2021-05-26 12:39:14',0,0,'00000000000000',7,-1),(120,'2021-05-26 13:09:41',59.46,-1,'00000000000000',3,-1),(121,'2021-05-26 13:21:32',51.58,-1,'00000000000000',3,-1),(122,'2021-05-26 13:22:13',0,1,'00000000000000',7,-1),(123,'2021-05-26 13:22:18',0,0,'00000000000000',7,-1),(124,'2021-05-27 16:06:07',58.22,-1,'00000000000000',3,-1),(125,'2021-05-27 16:06:26',50.72,-1,'00000000000000',3,-1),(126,'2021-05-27 16:06:39',57.75,-1,'00000000000000',3,-1),(127,'2021-05-27 16:07:15',57.97,-1,'00000000000000',3,-1),(128,'2021-05-27 16:07:26',59.27,-1,'00000000000000',3,-1),(129,'2021-05-27 16:07:34',50.5,-1,'00000000000000',3,-1),(130,'2021-05-27 16:07:58',9.38,-1,'00000000000000',3,-1),(131,'2021-05-27 16:08:06',10.21,-1,'00000000000000',3,-1),(132,'2021-05-27 16:08:25',59.37,-1,'00000000000000',3,-1),(133,'2021-05-27 16:08:39',77.8,-1,'00000000000000',3,-1),(134,'2021-05-27 16:08:44',80.49,-1,'00000000000000',3,-1),(135,'2021-05-27 16:08:49',96.58,-1,'00000000000000',3,-1),(136,'2021-05-27 16:08:56',56.19,-1,'00000000000000',3,-1),(137,'2021-05-27 16:08:59',28.28,-1,'00000000000000',3,-1),(138,'2021-05-27 16:09:08',19.1,-1,'00000000000000',3,-1),(139,'2021-05-27 16:11:07',39.88,-1,'00000000000000',3,-1),(140,'2021-05-27 16:11:22',9.77,-1,'00000000000000',3,-1),(141,'2021-05-27 16:27:23',60.17,-1,'00000000000000',3,-1),(142,'2021-05-27 16:27:46',60.59,-1,'00000000000000',3,-1),(143,'2021-05-27 16:34:02',41.2,-1,'00000000000000',3,-1),(144,'2021-05-27 16:34:28',63.17,-1,'00000000000000',3,-1),(145,'2021-05-27 16:34:51',62.78,-1,'00000000000000',3,-1),(146,'2021-05-27 16:34:52',25.71,-1,'00000000000000',3,-1),(147,'2021-05-27 16:34:57',20.39,-1,'00000000000000',3,-1),(148,'2021-05-27 16:34:59',20.39,-1,'00000000000000',3,-1),(149,'2021-05-27 16:35:01',21.44,-1,'00000000000000',3,-1),(150,'2021-05-27 16:35:03',15.38,-1,'00000000000000',3,-1),(151,'2021-05-27 16:35:05',15.41,-1,'00000000000000',3,-1),(152,'2021-05-27 16:35:08',15.46,-1,'00000000000000',3,-1),(153,'2021-05-27 16:35:11',15.6,-1,'00000000000000',3,-1),(154,'2021-05-27 16:35:17',15.51,-1,'00000000000000',3,-1),(155,'2021-06-01 16:15:31',0,1,'00000000000000',7,-1),(156,'2021-06-01 16:16:25',0,0,'00000000000000',7,-1),(157,'2021-06-01 16:18:14',0,1,'00000000000000',7,-1),(158,'2021-06-01 16:18:54',10.79,-1,'00000000000000',3,-1),(159,'2021-06-01 16:19:06',10.31,-1,'00000000000000',3,-1),(160,'2021-06-01 16:19:33',73.33,-1,'00000000000000',3,-1),(161,'2021-06-01 16:19:39',0,0,'00000000000000',7,-1),(162,'2021-06-01 16:32:57',29.3,-1,'00000000000000',1,-1),(163,'2021-06-01 16:32:57',27,-1,'00000000000000',2,-1),(164,'2021-06-01 16:34:34',29.4,-1,'00000000000000',1,-1),(165,'2021-06-01 16:34:34',27,-1,'00000000000000',2,-1),(166,'2021-06-01 16:35:26',29.4,-1,'00000000000000',1,-1),(167,'2021-06-01 16:35:26',27,-1,'00000000000000',2,-1),(168,'2021-06-01 16:36:27',29.4,-1,'00000000000000',1,-1),(169,'2021-06-01 16:36:27',28,-1,'00000000000000',2,-1),(170,'2021-06-01 16:39:42',29.4,-1,'00000000000000',1,-1),(171,'2021-06-01 16:39:43',28,-1,'00000000000000',2,-1),(172,'2021-06-01 16:39:44',42.59,-1,'00000000000000',3,-1),(173,'2021-06-01 16:39:51',29.4,-1,'00000000000000',1,-1),(174,'2021-06-01 16:39:58',27,-1,'00000000000000',2,-1),(175,'2021-06-01 16:40:04',41.98,-1,'00000000000000',3,-1),(176,'2021-06-01 16:46:57',29.4,-1,'00000000000000',1,-1),(177,'2021-06-01 16:46:57',27,-1,'00000000000000',2,-1),(178,'2021-06-01 16:46:59',41.81,-1,'00000000000000',3,-1),(179,'2021-06-01 16:47:34',29.3,-1,'00000000000000',1,-1),(180,'2021-06-01 16:47:35',27,-1,'00000000000000',2,-1),(181,'2021-06-01 16:47:36',42.47,-1,'00000000000000',3,-1),(182,'2021-06-01 16:48:44',29.3,-1,'00000000000000',1,-1),(183,'2021-06-01 16:48:44',27,-1,'00000000000000',2,-1),(184,'2021-06-01 16:48:46',41.78,-1,'00000000000000',3,-1),(185,'2021-06-01 16:48:47',29.3,-1,'00000000000000',1,-1),(186,'2021-06-01 16:48:48',27,-1,'00000000000000',2,-1),(187,'2021-06-01 16:48:49',41.98,-1,'00000000000000',3,-1),(188,'2021-06-01 16:49:08',29.3,-1,'00000000000000',1,-1),(189,'2021-06-01 16:49:09',27,-1,'00000000000000',2,-1),(190,'2021-06-01 16:49:10',42.22,-1,'00000000000000',3,-1),(191,'2021-06-01 16:49:37',29.4,-1,'00000000000000',1,-1),(192,'2021-06-01 16:49:37',27,-1,'00000000000000',2,-1),(193,'2021-06-01 16:49:38',41.95,-1,'00000000000000',3,-1),(194,'2021-06-01 16:50:04',29.3,-1,'00000000000000',1,-1),(195,'2021-06-01 16:50:04',27,-1,'00000000000000',2,-1),(196,'2021-06-01 16:50:07',41.98,-1,'00000000000000',3,-1),(197,'2021-06-02 08:42:58',20.68,-1,'00000000000000',3,-1),(198,'2021-06-02 08:43:09',4.47,-1,'00000000000000',3,-1),(199,'2021-06-02 08:43:54',25.79,-1,'00000000000000',3,-1),(200,'2021-06-02 08:43:57',36.9,-1,'00000000000000',3,-1),(201,'2021-06-02 08:44:00',59.76,-1,'00000000000000',3,-1),(202,'2021-06-02 08:44:03',68.84,-1,'00000000000000',3,-1),(203,'2021-06-02 08:44:06',45.25,-1,'00000000000000',3,-1),(204,'2021-06-02 08:44:09',32.14,-1,'00000000000000',3,-1),(205,'2021-06-02 08:44:12',25.81,-1,'00000000000000',3,-1),(206,'2021-06-02 08:45:05',19.98,-1,'00000000000000',3,-1),(207,'2021-06-02 08:47:08',20.2,-1,'00000000000000',3,-1),(208,'2021-06-02 08:47:34',10.18,-1,'00000000000000',3,-1),(209,'2021-06-02 13:17:55',27.2,-1,'00000000000000',1,-1),(210,'2021-06-02 13:17:55',36,-1,'00000000000000',2,-1),(211,'2021-06-02 13:18:06',26.6,-1,'00000000000000',1,-1),(212,'2021-06-02 13:18:06',37,-1,'00000000000000',2,-1),(213,'2021-06-02 13:18:16',26.5,-1,'00000000000000',1,-1),(214,'2021-06-02 13:18:16',37,-1,'00000000000000',2,-1),(215,'2021-06-02 13:18:25',26.9,-1,'00000000000000',1,-1),(216,'2021-06-02 13:18:25',74,-1,'00000000000000',2,-1),(217,'2021-06-02 13:18:38',28.1,-1,'00000000000000',1,-1),(218,'2021-06-02 13:18:39',95,-1,'00000000000000',2,-1),(219,'2021-06-02 13:18:47',29.9,-1,'00000000000000',1,-1),(220,'2021-06-02 13:18:47',95,-1,'00000000000000',2,-1),(221,'2021-06-02 13:19:05',32.1,-1,'00000000000000',1,-1),(222,'2021-06-02 13:19:06',86,-1,'00000000000000',2,-1),(223,'2021-06-02 13:20:33',32.3,-1,'00000000000000',1,-1),(224,'2021-06-02 13:20:33',84,-1,'00000000000000',2,-1),(225,'2021-06-02 13:21:36',20.32,-1,'00000000000000',3,-1),(226,'2021-06-02 13:21:36',30.7,-1,'00000000000000',1,-1),(227,'2021-06-02 13:21:41',31,-1,'00000000000000',2,-1),(228,'2021-06-02 13:21:45',20.34,-1,'00000000000000',3,-1),(229,'2021-06-02 13:21:46',29.2,-1,'00000000000000',1,-1),(230,'2021-06-02 13:21:46',33,-1,'00000000000000',2,-1),(231,'2021-06-02 13:26:13',21.1,-1,'00000000000000',3,-1),(232,'2021-06-02 13:26:14',29,-1,'00000000000000',1,-1),(233,'2021-06-02 13:26:14',34,-1,'00000000000000',2,-1),(234,'2021-06-02 13:26:23',23.08,-1,'00000000000000',3,-1),(235,'2021-06-02 13:29:56',21.17,-1,'00000000000000',3,-1),(236,'2021-06-02 13:29:57',26.9,-1,'00000000000000',1,-1),(237,'2021-06-02 13:29:57',37,-1,'00000000000000',2,-1),(238,'2021-06-02 13:30:57',21.1,-1,'00000000000000',3,-1),(239,'2021-06-02 13:30:58',26.6,-1,'00000000000000',1,-1),(240,'2021-06-02 13:30:58',37,-1,'00000000000000',2,-1),(241,'2021-06-02 13:31:33',21.47,-1,'00000000000000',3,-1),(242,'2021-06-02 13:31:34',26.6,-1,'00000000000000',1,-1),(243,'2021-06-02 13:31:34',37,-1,'00000000000000',2,-1),(244,'2021-06-02 13:32:31',21.66,-1,'00000000000000',3,-1),(245,'2021-06-02 13:32:31',26.6,-1,'00000000000000',1,-1),(246,'2021-06-02 13:32:32',37,-1,'00000000000000',2,-1),(247,'2021-06-02 13:33:46',21.47,-1,'00000000000000',3,-1),(248,'2021-06-02 13:33:47',26.6,-1,'00000000000000',1,-1),(249,'2021-06-02 13:33:48',37,-1,'00000000000000',2,-1),(250,'2021-06-02 13:48:58',0,1,'00000000000000',7,-1),(251,'2021-06-02 13:49:15',0,0,'00000000000000',7,-1),(252,'2021-06-02 14:03:32',19.39,-1,'00000000000000',3,-1),(253,'2021-06-02 14:03:33',26.5,-1,'00000000000000',1,-1),(254,'2021-06-02 14:03:34',37,-1,'00000000000000',2,-1),(255,'2021-06-02 14:03:57',17.85,-1,'00000000000000',3,-1),(256,'2021-06-02 14:03:57',26.7,-1,'00000000000000',1,-1),(257,'2021-06-02 14:03:59',36,-1,'00000000000000',2,-1),(258,'2021-06-02 14:05:05',16.56,-1,'00000000000000',3,-1),(259,'2021-06-02 14:05:05',26.6,-1,'00000000000000',1,-1),(260,'2021-06-02 14:05:06',37,-1,'00000000000000',2,-1),(261,'2021-06-02 14:05:30',0,1,'00000000000000',7,-1),(262,'2021-06-02 14:05:32',0,0,'00000000000000',7,-1),(263,'2021-06-02 14:13:32',23.47,-1,'00000000000000',3,-1),(264,'2021-06-02 14:13:33',26.6,-1,'00000000000000',1,-1),(265,'2021-06-02 14:13:36',36,-1,'00000000000000',2,-1),(266,'2021-06-02 14:16:04',24.13,-1,'00000000000000',3,-1),(267,'2021-06-02 14:16:05',26.7,-1,'00000000000000',1,-1),(268,'2021-06-02 14:16:06',36,-1,'00000000000000',2,-1),(269,'2021-06-02 14:16:15',20.44,-1,'00000000000000',3,-1),(270,'2021-06-02 14:34:48',22,-1,'00000000000000',3,-1),(271,'2021-06-02 14:34:48',26.9,-1,'00000000000000',1,-1),(272,'2021-06-02 14:34:53',36,-1,'00000000000000',2,-1),(273,'2021-06-02 14:35:55',26.9,-1,'00000000000000',1,-1),(274,'2021-06-02 14:35:55',36,-1,'00000000000000',2,-1),(275,'2021-06-02 14:36:19',24.35,-1,'00000000000000',3,-1),(276,'2021-06-02 14:43:13',0,1,'00000000000000',7,-1),(277,'2021-06-02 14:43:19',0,0,'00000000000000',7,-1),(278,'2021-06-02 14:48:03',0,0,'00000000000000',6,-1),(279,'2021-06-02 14:57:05',25.57,-1,'00000000000000',3,-1),(280,'2021-06-02 14:57:06',26.8,-1,'00000000000000',1,-1),(281,'2021-06-02 14:57:06',36,-1,'00000000000000',2,-1),(282,'2021-06-02 14:59:35',26.18,-1,'00000000000000',3,-1),(283,'2021-06-02 14:59:36',26.9,-1,'00000000000000',1,-1),(284,'2021-06-02 14:59:36',36,-1,'00000000000000',2,-1),(285,'2021-06-02 14:59:58',26.18,-1,'00000000000000',3,-1),(286,'2021-06-02 14:59:59',26.8,-1,'00000000000000',1,-1),(287,'2021-06-02 14:59:59',36,-1,'00000000000000',2,-1),(288,'2021-06-02 15:00:05',25.67,-1,'00000000000000',3,-1),(289,'2021-06-02 15:00:05',27,-1,'00000000000000',1,-1),(290,'2021-06-02 15:00:06',55,-1,'00000000000000',2,-1),(291,'2021-06-02 21:51:55',0,1,'00000000000000',7,-1),(292,'2021-06-02 21:52:05',0,0,'00000000000000',7,-1),(293,'2021-06-02 21:52:34',1.61,-1,'00000000000000',3,-1),(294,'2021-06-02 21:52:34',28.2,-1,'00000000000000',1,-1),(295,'2021-06-02 21:52:34',47,-1,'00000000000000',2,-1),(296,'2021-06-02 21:53:06',28.55,-1,'00000000000000',3,-1),(297,'2021-06-02 21:53:15',55.07,-1,'00000000000000',3,-1),(298,'2021-06-02 21:59:33',0,1,'00000000000000',7,-1),(299,'2021-06-02 21:59:43',1.83,-1,'00000000000000',3,-1),(300,'2021-06-02 21:59:43',28.5,-1,'00000000000000',1,-1),(301,'2021-06-02 21:59:43',49,-1,'00000000000000',2,-1),(302,'2021-06-02 22:01:27',0,0,'00000000000000',7,-1),(303,'2021-06-03 07:27:53',27.3,-1,'00000000000000',1,-1),(304,'2021-06-03 07:27:54',55,-1,'00000000000000',2,-1),(305,'2021-06-03 07:27:55',3.52,-1,'00000000000000',3,-1),(306,'2021-06-03 07:28:35',14.9,-1,'00000000000000',3,-1),(307,'2021-06-03 07:28:36',27.3,-1,'00000000000000',1,-1),(308,'2021-06-03 07:28:36',53,-1,'00000000000000',2,-1),(309,'2021-06-03 07:28:53',44.18,-1,'00000000000000',3,-1),(310,'2021-06-03 07:29:03',65.96,-1,'00000000000000',3,-1),(311,'2021-06-03 07:29:12',85.54,-1,'00000000000000',3,-1),(312,'2021-06-03 07:29:18',2.78,-1,'00000000000000',3,-1),(313,'2021-06-03 07:29:46',27.3,-1,'00000000000000',1,-1),(314,'2021-06-03 07:29:47',53,-1,'00000000000000',2,-1),(315,'2021-06-03 07:29:59',28.1,-1,'00000000000000',1,-1),(316,'2021-06-03 07:30:00',76,-1,'00000000000000',2,-1),(317,'2021-06-03 07:30:01',28.4,-1,'00000000000000',1,-1),(318,'2021-06-03 07:30:01',78,-1,'00000000000000',2,-1),(319,'2021-06-03 07:30:12',28.6,-1,'00000000000000',1,-1),(320,'2021-06-03 07:30:12',80,-1,'00000000000000',2,-1),(321,'2021-06-03 07:30:22',2.25,-1,'00000000000000',3,-1),(322,'2021-06-03 07:30:23',29.7,-1,'00000000000000',1,-1),(323,'2021-06-03 07:30:23',80,-1,'00000000000000',2,-1),(324,'2021-06-03 07:30:32',2.66,-1,'00000000000000',3,-1),(325,'2021-06-03 07:30:33',30.7,-1,'00000000000000',1,-1),(326,'2021-06-03 07:30:33',82,-1,'00000000000000',2,-1),(327,'2021-06-03 07:31:07',39.41,-1,'00000000000000',3,-1),(328,'2021-06-03 07:31:08',31.8,-1,'00000000000000',1,-1),(329,'2021-06-03 07:31:08',84,-1,'00000000000000',2,-1),(330,'2021-06-03 07:31:17',39.46,-1,'00000000000000',3,-1),(331,'2021-06-03 07:31:18',32.6,-1,'00000000000000',1,-1),(332,'2021-06-03 07:31:19',44,-1,'00000000000000',2,-1),(333,'2021-06-03 07:31:33',39.68,-1,'00000000000000',3,-1),(334,'2021-06-03 07:31:34',32.4,-1,'00000000000000',1,-1),(335,'2021-06-03 07:31:34',44,-1,'00000000000000',2,-1),(336,'2021-06-03 07:32:45',31.9,-1,'00000000000000',1,-1),(337,'2021-06-03 07:32:45',44,-1,'00000000000000',2,-1),(338,'2021-06-03 07:32:46',39.15,-1,'00000000000000',3,-1),(339,'2021-06-03 07:33:19',30,-1,'00000000000000',1,-1),(340,'2021-06-03 07:33:20',47,-1,'00000000000000',2,-1),(341,'2021-06-03 07:33:22',39.41,-1,'00000000000000',3,-1),(342,'2021-06-03 07:33:38',0,1,'00000000000000',7,-1),(343,'2021-06-03 07:33:57',40.24,-1,'00000000000000',3,-1),(344,'2021-06-03 07:33:57',29.5,-1,'00000000000000',1,-1),(345,'2021-06-03 07:33:58',49,-1,'00000000000000',2,-1),(346,'2021-06-03 07:35:49',42.91,-1,'00000000000000',3,-1),(347,'2021-06-03 07:35:50',28.7,-1,'00000000000000',1,-1),(348,'2021-06-03 07:35:50',50,-1,'00000000000000',2,-1),(349,'2021-06-03 07:36:09',26.8,-1,'00000000000000',1,-1),(350,'2021-06-03 07:36:09',55,-1,'00000000000000',2,-1),(351,'2021-06-03 07:36:11',42.98,-1,'00000000000000',3,-1),(352,'2021-06-03 07:36:17',0,0,'00000000000000',7,-1),(353,'2021-06-03 07:36:38',27,-1,'00000000000000',1,-1),(354,'2021-06-03 07:36:38',55,-1,'00000000000000',2,-1),(355,'2021-06-03 07:36:39',42.66,-1,'00000000000000',3,-1),(356,'2021-06-03 07:42:50',27,-1,'00000000000000',1,-1),(357,'2021-06-03 07:42:51',54,-1,'00000000000000',2,-1),(358,'2021-06-03 07:42:52',39.37,-1,'00000000000000',3,-1),(359,'2021-06-03 07:43:06',39,-1,'00000000000000',3,-1),(360,'2021-06-03 07:43:06',26.9,-1,'00000000000000',1,-1),(361,'2021-06-03 07:43:07',55,-1,'00000000000000',2,-1),(362,'2021-06-03 07:43:26',27,-1,'00000000000000',1,-1),(363,'2021-06-03 07:43:26',55,-1,'00000000000000',2,-1),(364,'2021-06-03 07:43:28',39.88,-1,'00000000000000',3,-1),(365,'2021-06-03 07:43:29',0,1,'00000000000000',7,-1),(366,'2021-06-03 07:45:19',27,-1,'00000000000000',1,-1),(367,'2021-06-03 07:45:19',55,-1,'00000000000000',2,-1),(368,'2021-06-03 07:45:20',46.23,-1,'00000000000000',3,-1),(369,'2021-06-03 07:45:34',0,0,'00000000000000',7,-1),(370,'2021-06-03 07:45:48',46.67,-1,'00000000000000',3,-1),(371,'2021-06-03 07:45:48',27,-1,'00000000000000',1,-1),(372,'2021-06-03 07:45:49',54,-1,'00000000000000',2,-1),(373,'2021-06-03 07:48:36',42.76,-1,'00000000000000',3,-1),(374,'2021-06-03 07:48:39',27,-1,'00000000000000',1,-1),(375,'2021-06-03 07:48:41',55,-1,'00000000000000',2,-1),(376,'2021-06-03 08:55:21',26.5,-1,'00000000000000',1,-1),(377,'2021-06-03 08:55:21',55,-1,'00000000000000',2,-1),(378,'2021-06-03 08:55:22',60.2,-1,'00000000000000',3,-1),(379,'2021-06-03 08:55:34',26.6,-1,'00000000000000',1,-1),(380,'2021-06-03 08:55:35',55,-1,'00000000000000',2,-1),(381,'2021-06-03 08:55:37',60.93,-1,'00000000000000',3,-1),(382,'2021-06-03 08:55:48',0,1,'00000000000000',7,-1),(383,'2021-06-03 08:55:55',0,0,'00000000000000',7,-1),(384,'2021-06-03 08:56:05',69.47,-1,'00000000000000',3,-1),(385,'2021-06-03 08:56:05',26.8,-1,'00000000000000',1,-1),(386,'2021-06-03 08:56:06',55,-1,'00000000000000',2,-1),(387,'2021-06-03 08:57:36',27,-1,'00000000000000',1,-1),(388,'2021-06-03 08:57:37',54,-1,'00000000000000',2,-1),(389,'2021-06-03 08:57:38',89.74,-1,'00000000000000',3,-1),(390,'2021-06-03 08:57:45',86.35,-1,'00000000000000',3,-1),(391,'2021-06-03 08:57:45',27.5,-1,'00000000000000',1,-1),(392,'2021-06-03 08:57:45',53,-1,'00000000000000',2,-1),(393,'2021-06-03 09:01:09',27.5,-1,'00000000000000',1,-1),(394,'2021-06-03 09:01:09',53,-1,'00000000000000',2,-1),(395,'2021-06-03 09:01:11',59.78,-1,'00000000000000',3,-1),(396,'2021-06-03 09:01:26',0,1,'00000000000000',7,-1),(397,'2021-06-03 09:01:36',0,0,'00000000000000',7,-1),(398,'2021-06-03 09:01:52',51.18,-1,'00000000000000',3,-1),(399,'2021-06-03 09:01:53',27.3,-1,'00000000000000',1,-1),(400,'2021-06-03 09:01:53',53,-1,'00000000000000',2,-1),(401,'2021-06-03 09:05:03',27.3,-1,'00000000000000',1,-1),(402,'2021-06-03 09:05:03',53,-1,'00000000000000',2,-1),(403,'2021-06-03 09:05:05',48.45,-1,'00000000000000',3,-1),(404,'2021-06-03 09:06:32',0,1,'00000000000000',7,-1),(405,'2021-06-03 09:06:37',0,0,'00000000000000',7,-1),(406,'2021-06-03 09:06:44',27.5,-1,'00000000000000',1,-1),(407,'2021-06-03 09:06:44',53,-1,'00000000000000',2,-1),(408,'2021-06-03 09:06:46',40.68,-1,'00000000000000',3,-1),(409,'2021-06-03 09:12:36',27.5,-1,'00000000000000',1,-1),(410,'2021-06-03 09:12:36',52,-1,'00000000000000',2,-1),(411,'2021-06-03 09:12:37',39.46,-1,'00000000000000',3,-1),(412,'2021-06-03 09:16:28',33.21,-1,'00000000000000',3,-1),(413,'2021-06-03 09:16:29',27.4,-1,'00000000000000',1,-1),(414,'2021-06-03 09:16:29',53,-1,'00000000000000',2,-1),(415,'2021-06-03 09:16:56',27.4,-1,'00000000000000',1,-1),(416,'2021-06-03 09:16:56',53,-1,'00000000000000',2,-1),(417,'2021-06-03 09:16:57',32.16,-1,'00000000000000',3,-1),(418,'2021-06-03 09:17:01',0,1,'00000000000000',7,-1),(419,'2021-06-03 09:17:02',0,0,'00000000000000',7,-1),(420,'2021-06-03 09:17:12',0,1,'00000000000000',7,-1),(421,'2021-06-03 09:17:26',0,0,'00000000000000',7,-1),(422,'2021-06-08 08:27:44',0,0,'00000000000000',6,-1),(423,'2021-06-08 08:28:33',0,1,'00000000000000',6,-1),(424,'2021-06-08 08:28:48',0,0,'00000000000000',6,-1),(425,'2021-06-08 08:29:09',0,1,'00000000000000',6,-1),(426,'2021-06-08 08:29:19',0,0,'00000000000000',6,-1),(427,'2021-06-08 08:37:00',0,0,'00000000000000',6,-1),(428,'2021-06-08 08:37:01',27.4,-1,'00000000000000',1,-1),(429,'2021-06-08 08:37:04',44,-1,'00000000000000',2,-1),(430,'2021-06-08 08:37:09',12.11,-1,'00000000000000',3,-1),(431,'2021-06-08 08:37:16',27.3,-1,'00000000000000',1,-1),(432,'2021-06-08 08:37:16',43,-1,'00000000000000',2,-1),(433,'2021-06-08 08:37:19',12.84,-1,'00000000000000',3,-1),(434,'2021-06-08 08:37:55',27.4,-1,'00000000000000',1,-1),(435,'2021-06-08 08:37:55',43,-1,'00000000000000',2,-1),(436,'2021-06-08 08:37:57',13.72,-1,'00000000000000',3,-1),(437,'2021-06-08 08:41:29',27.3,-1,'00000000000000',1,-1),(439,'2021-06-08 08:41:29',0,0,'00000000000000',6,-1),(441,'2021-06-08 08:51:16',0,0,'00000000000000',6,-1),(442,'2021-06-08 08:51:19',27.2,-1,'00000000000000',1,-1),(443,'2021-06-08 08:51:19',44,-1,'00000000000000',2,-1),(444,'2021-06-08 08:51:24',12.87,-1,'00000000000000',3,-1),(445,'2021-06-08 08:51:33',0,1,'00000000000000',7,-1),(446,'2021-06-08 08:51:51',0,0,'00000000000000',7,-1),(447,'2021-06-08 08:59:25',27.2,-1,'00000000000000',1,-1),(448,'2021-06-08 08:59:25',44,-1,'00000000000000',2,-1),(449,'2021-06-08 08:59:27',0,0,'00000000000000',6,-1),(450,'2021-06-08 09:00:19',0,1,'00000000000000',6,-1),(451,'2021-06-08 09:00:26',0,0,'00000000000000',6,-1),(452,'2021-06-08 09:00:47',0,1,'00000000000000',7,-1),(453,'2021-06-08 09:00:50',0,0,'00000000000000',7,-1),(454,'2021-06-08 09:01:28',0,0,'00000000000000',6,-1),(455,'2021-06-08 09:01:29',27.2,-1,'00000000000000',1,-1),(456,'2021-06-08 09:01:29',44,-1,'00000000000000',2,-1),(457,'2021-06-08 09:01:31',13.63,-1,'00000000000000',3,-1),(458,'2021-06-08 09:02:24',0,1,'00000000000000',6,-1),(459,'2021-06-08 09:02:37',0,0,'00000000000000',6,-1),(460,'2021-06-08 09:03:44',0,0,'00000000000000',6,-1),(461,'2021-06-08 09:03:46',27.3,-1,'00000000000000',1,-1),(462,'2021-06-08 09:03:47',44,-1,'00000000000000',2,-1),(463,'2021-06-08 09:03:53',12.87,-1,'00000000000000',3,-1),(464,'2021-06-08 09:03:57',27.3,-1,'00000000000000',1,-1),(465,'2021-06-08 09:03:59',44,-1,'00000000000000',2,-1),(466,'2021-06-08 09:04:00',13.94,-1,'00000000000000',3,-1),(467,'2021-06-08 09:04:31',27.3,-1,'00000000000000',1,-1),(468,'2021-06-08 09:04:32',44,-1,'00000000000000',2,-1),(469,'2021-06-08 09:04:33',13.31,-1,'00000000000000',3,-1),(470,'2021-06-08 09:33:29',0,0,'00000000000000',6,-1),(471,'2021-06-08 09:33:30',27.4,-1,'00000000000000',1,-1),(472,'2021-06-08 09:33:35',44,-1,'00000000000000',2,-1),(473,'2021-06-08 09:33:40',13.02,-1,'00000000000000',3,-1),(474,'2021-06-08 09:33:47',27.4,-1,'00000000000000',1,-1),(475,'2021-06-08 09:33:48',44,-1,'00000000000000',2,-1),(476,'2021-06-08 09:33:49',13.31,-1,'00000000000000',3,-1),(477,'2021-06-08 09:33:55',0,1,'00000000000000',6,-1),(478,'2021-06-08 09:34:09',0,0,'00000000000000',6,-1),(479,'2021-06-08 09:35:52',27.4,-1,'00000000000000',1,-1),(480,'2021-06-08 09:35:53',44,-1,'00000000000000',2,-1),(481,'2021-06-08 09:35:55',12.84,-1,'00000000000000',3,-1),(482,'2021-06-08 09:36:00',0,1,'00000000000000',6,-1),(483,'2021-06-08 09:36:07',0,0,'00000000000000',6,-1),(484,'2021-06-08 09:36:11',0,1,'00000000000000',6,-1),(485,'2021-06-08 09:36:15',0,0,'00000000000000',6,-1),(486,'2021-06-08 09:36:33',27.4,-1,'00000000000000',1,-1),(487,'2021-06-08 09:36:33',44,-1,'00000000000000',2,-1),(488,'2021-06-08 09:36:34',13.41,-1,'00000000000000',3,-1),(489,'2021-06-08 09:36:45',0,1,'00000000000000',6,-1),(490,'2021-06-08 09:36:48',0,0,'00000000000000',6,-1),(491,'2021-06-08 09:36:53',0,1,'00000000000000',6,-1),(492,'2021-06-08 09:36:57',0,0,'00000000000000',6,-1),(493,'2021-06-08 09:38:59',0,0,'00000000000000',6,-1),(494,'2021-06-08 09:38:59',27.3,-1,'00000000000000',1,-1),(495,'2021-06-08 09:38:59',44,-1,'00000000000000',2,-1),(496,'2021-06-08 09:39:06',13.6,-1,'00000000000000',3,-1),(497,'2021-06-08 09:39:10',27.4,-1,'00000000000000',1,-1),(498,'2021-06-08 09:39:11',44,-1,'00000000000000',2,-1),(499,'2021-06-08 09:39:18',14.24,-1,'00000000000000',3,-1),(500,'2021-06-08 09:39:28',0,1,'00000000000000',7,-1),(501,'2021-06-08 09:39:38',0,1,'00000000000000',6,-1),(502,'2021-06-08 09:39:44',0,0,'00000000000000',6,-1),(503,'2021-06-08 09:39:46',0,0,'00000000000000',7,-1),(504,'2021-06-08 09:42:53',0,1,'00000000000000',6,-1),(505,'2021-06-08 09:43:12',0,0,'00000000000000',6,-1),(506,'2021-06-08 09:45:43',27.4,-1,'00000000000000',1,-1),(507,'2021-06-08 09:45:45',44,-1,'00000000000000',2,-1),(508,'2021-06-08 09:45:52',12.14,-1,'00000000000000',3,-1),(509,'2021-06-08 09:47:29',27.5,-1,'00000000000000',1,-1),(510,'2021-06-08 09:47:29',43,-1,'00000000000000',2,-1),(511,'2021-06-08 09:47:36',13.75,-1,'00000000000000',3,-1),(512,'2021-06-08 09:47:39',27.5,-1,'00000000000000',1,-1),(513,'2021-06-08 09:47:42',43,-1,'00000000000000',2,-1),(514,'2021-06-08 09:47:51',13.26,-1,'00000000000000',3,-1),(515,'2021-06-08 09:47:57',0,1,'00000000000000',6,-1),(516,'2021-06-08 09:48:03',0,0,'00000000000000',6,-1),(517,'2021-06-08 09:48:06',0,1,'00000000000000',7,-1),(518,'2021-06-08 09:48:13',0,0,'00000000000000',7,-1),(519,'2021-06-08 09:48:18',0,1,'00000000000000',7,-1),(520,'2021-06-08 09:48:24',0,0,'00000000000000',7,-1),(521,'2021-06-08 09:48:57',0,1,'00000000000000',6,-1),(522,'2021-06-08 09:49:06',0,0,'00000000000000',6,-1),(523,'2021-06-08 09:53:21',27.5,-1,'00000000000000',1,-1),(524,'2021-06-08 09:53:21',43,-1,'00000000000000',2,-1),(525,'2021-06-08 09:53:22',12.67,-1,'00000000000000',3,-1),(526,'2021-06-08 09:54:31',27.5,-1,'00000000000000',1,-1),(527,'2021-06-08 09:54:32',44,-1,'00000000000000',2,-1),(528,'2021-06-08 09:54:38',13.65,-1,'00000000000000',3,-1),(529,'2021-06-08 09:56:30',27.5,-1,'00000000000000',1,-1),(530,'2021-06-08 09:56:31',44,-1,'00000000000000',2,-1),(531,'2021-06-08 09:56:38',13.04,-1,'00000000000000',3,-1),(532,'2021-06-08 09:58:25',27.5,-1,'00000000000000',1,-1),(533,'2021-06-08 09:58:25',44,-1,'00000000000000',2,-1),(534,'2021-06-08 09:58:26',13.33,-1,'00000000000000',3,-1),(535,'2021-06-08 10:00:00',0,1,'00000000000000',7,-1),(536,'2021-06-08 10:00:09',0,0,'00000000000000',7,-1),(537,'2021-06-08 10:00:21',0,1,'00000000000000',6,-1),(538,'2021-06-08 10:00:24',0,0,'00000000000000',6,-1),(539,'2021-06-08 10:00:29',13.06,-1,'00000000000000',3,-1),(540,'2021-06-08 10:00:30',27.5,-1,'00000000000000',1,-1),(541,'2021-06-08 10:00:30',44,-1,'00000000000000',2,-1),(542,'2021-06-08 10:00:54',27.5,-1,'00000000000000',1,-1),(543,'2021-06-08 10:00:54',44,-1,'00000000000000',2,-1),(544,'2021-06-08 10:00:55',13.68,-1,'00000000000000',3,-1),(545,'2021-06-08 10:01:18',27.6,-1,'00000000000000',1,-1),(546,'2021-06-08 10:01:19',44,-1,'00000000000000',2,-1),(547,'2021-06-08 10:01:23',13.28,-1,'00000000000000',3,-1),(548,'2021-06-08 10:01:30',13.14,-1,'00000000000000',3,-1),(549,'2021-06-08 10:01:31',27.6,-1,'00000000000000',1,-1),(550,'2021-06-08 10:01:31',44,-1,'00000000000000',2,-1),(551,'2021-06-08 10:01:36',27.6,-1,'00000000000000',1,-1),(552,'2021-06-08 10:01:38',44,-1,'00000000000000',2,-1),(553,'2021-06-08 10:01:41',13.28,-1,'00000000000000',3,-1),(554,'2021-06-08 10:03:46',27.6,-1,'00000000000000',1,-1),(555,'2021-06-08 10:03:46',43,-1,'00000000000000',2,-1),(556,'2021-06-08 10:03:48',13.6,-1,'00000000000000',3,-1),(557,'2021-06-08 10:04:30',27.7,-1,'00000000000000',1,-1),(558,'2021-06-08 10:04:30',43,-1,'00000000000000',2,-1),(559,'2021-06-08 10:04:34',12.82,-1,'00000000000000',3,-1),(560,'2021-06-08 10:06:06',27.6,-1,'00000000000000',1,-1),(561,'2021-06-08 10:06:08',43,-1,'00000000000000',2,-1),(562,'2021-06-08 10:06:13',12.77,-1,'00000000000000',3,-1),(563,'2021-06-08 10:07:44',27.6,-1,'00000000000000',1,-1),(564,'2021-06-08 10:07:46',43,-1,'00000000000000',2,-1),(565,'2021-06-08 10:07:49',13.8,-1,'00000000000000',3,-1),(566,'2021-06-08 10:08:29',27.6,-1,'00000000000000',1,-1),(567,'2021-06-08 10:08:31',43,-1,'00000000000000',2,-1),(568,'2021-06-08 10:08:41',14.43,-1,'00000000000000',3,-1),(569,'2021-06-08 10:09:46',27.7,-1,'00000000000000',1,-1),(570,'2021-06-08 10:09:46',43,-1,'00000000000000',2,-1),(571,'2021-06-08 10:09:48',13.68,-1,'00000000000000',3,-1),(572,'2021-06-08 10:12:02',27.6,-1,'00000000000000',1,-1),(573,'2021-06-08 10:12:02',43,-1,'00000000000000',2,-1),(574,'2021-06-08 10:12:03',13.68,-1,'00000000000000',3,-1),(575,'2021-06-08 10:12:48',27.7,-1,'00000000000000',1,-1),(576,'2021-06-08 10:12:49',43,-1,'00000000000000',2,-1),(577,'2021-06-08 10:12:50',13.41,-1,'00000000000000',3,-1),(578,'2021-06-08 10:13:26',27.6,-1,'00000000000000',1,-1),(579,'2021-06-08 10:13:26',43,-1,'00000000000000',2,-1),(580,'2021-06-08 10:13:27',13.6,-1,'00000000000000',3,-1),(581,'2021-06-08 10:14:10',27.6,-1,'00000000000000',1,-1),(582,'2021-06-08 10:14:10',43,-1,'00000000000000',2,-1),(583,'2021-06-08 10:14:11',14.09,-1,'00000000000000',3,-1),(584,'2021-06-08 10:16:36',27.6,-1,'00000000000000',1,-1),(585,'2021-06-08 10:16:38',43,-1,'00000000000000',2,-1),(586,'2021-06-08 10:16:42',14.51,-1,'00000000000000',3,-1),(587,'2021-06-08 10:20:46',27.7,-1,'00000000000000',1,-1),(588,'2021-06-08 10:20:47',43,-1,'00000000000000',2,-1),(589,'2021-06-08 10:20:48',13.85,-1,'00000000000000',3,-1),(590,'2021-06-08 10:21:42',27.7,-1,'00000000000000',1,-1),(591,'2021-06-08 10:21:44',43,-1,'00000000000000',2,-1),(592,'2021-06-08 10:21:50',13.75,-1,'00000000000000',3,-1),(593,'2021-06-08 10:26:06',27.7,-1,'00000000000000',1,-1),(594,'2021-06-08 10:26:07',43,-1,'00000000000000',2,-1),(595,'2021-06-08 10:26:10',13.94,-1,'00000000000000',3,-1),(596,'2021-06-08 10:26:26',27.6,-1,'00000000000000',1,-1),(597,'2021-06-08 10:26:26',43,-1,'00000000000000',2,-1),(598,'2021-06-08 10:26:27',13.41,-1,'00000000000000',3,-1),(599,'2021-06-08 10:27:10',27.6,-1,'00000000000000',1,-1),(600,'2021-06-08 10:27:10',43,-1,'00000000000000',2,-1),(601,'2021-06-08 10:27:11',14.82,-1,'00000000000000',3,-1),(602,'2021-06-08 10:28:46',27.7,-1,'00000000000000',1,-1),(603,'2021-06-08 10:28:46',43,-1,'00000000000000',2,-1),(604,'2021-06-08 10:28:47',13.97,-1,'00000000000000',3,-1),(605,'2021-06-08 10:29:15',27.7,-1,'00000000000000',1,-1),(606,'2021-06-08 10:29:16',43,-1,'00000000000000',2,-1),(607,'2021-06-08 10:29:25',14.46,-1,'00000000000000',3,-1),(608,'2021-06-08 10:30:48',27.7,-1,'00000000000000',1,-1),(609,'2021-06-08 10:30:49',43,-1,'00000000000000',2,-1),(610,'2021-06-08 10:30:58',14.53,-1,'00000000000000',3,-1),(611,'2021-06-08 10:34:40',0,0,'00000000000000',6,-1),(612,'2021-06-08 10:34:43',27.7,-1,'00000000000000',1,-1),(613,'2021-06-08 10:34:50',43,-1,'00000000000000',2,-1),(614,'2021-06-08 10:34:53',14.36,-1,'00000000000000',3,-1),(615,'2021-06-08 10:36:52',27.6,-1,'00000000000000',1,-1),(616,'2021-06-08 10:36:53',43,-1,'00000000000000',2,-1),(618,'2021-06-08 10:45:01',27.7,-1,'00000000000000',1,-1),(619,'2021-06-08 10:45:01',43,-1,'00000000000000',2,-1),(620,'2021-06-08 10:45:02',14.99,-1,'00000000000000',3,-1),(621,'2021-06-08 10:45:50',0,0,'00000000000000',6,-1),(622,'2021-06-08 10:45:54',27.7,-1,'00000000000000',1,-1),(623,'2021-06-08 10:45:54',43,-1,'00000000000000',2,-1),(624,'2021-06-08 10:45:56',15.29,-1,'00000000000000',3,-1),(625,'2021-06-08 10:48:12',27.7,-1,'00000000000000',1,-1),(626,'2021-06-08 10:48:12',43,-1,'00000000000000',2,-1),(627,'2021-06-08 10:48:13',14.73,-1,'00000000000000',3,-1),(628,'2021-06-08 10:48:39',27.7,-1,'00000000000000',1,-1),(629,'2021-06-08 10:48:41',43,-1,'00000000000000',2,-1),(630,'2021-06-08 10:48:44',15.95,-1,'00000000000000',3,-1),(631,'2021-06-08 10:49:09',0,1,'00000000000000',7,-1),(632,'2021-06-08 10:49:26',0,1,'00000000000000',6,-1),(633,'2021-06-08 10:53:30',27.7,-1,'00000000000000',1,-1),(634,'2021-06-08 10:53:30',43,-1,'00000000000000',2,-1),(636,'2021-06-08 10:54:37',0,0,'00000000000000',6,-1),(637,'2021-06-08 10:54:43',27.7,-1,'00000000000000',1,-1),(638,'2021-06-08 10:54:45',43,-1,'00000000000000',2,-1),(639,'2021-06-08 10:54:50',15.29,-1,'00000000000000',3,-1),(640,'2021-06-08 10:54:56',0,1,'00000000000000',6,-1),(641,'2021-06-08 10:56:48',0,0,'00000000000000',6,-1),(642,'2021-06-08 10:56:54',27.7,-1,'00000000000000',1,-1),(643,'2021-06-08 10:56:56',43,-1,'00000000000000',2,-1),(644,'2021-06-08 10:56:59',15.97,-1,'00000000000000',3,-1),(645,'2021-06-08 10:57:12',0,1,'00000000000000',6,-1),(646,'2021-06-08 10:57:16',0,0,'00000000000000',6,-1),(647,'2021-06-08 10:58:17',0,0,'00000000000000',6,-1),(648,'2021-06-08 10:58:25',0,1,'00000000000000',6,-1),(649,'2021-06-08 10:58:38',27.7,-1,'00000000000000',1,-1),(650,'2021-06-08 10:58:38',43,-1,'00000000000000',2,-1),(651,'2021-06-08 10:58:40',16.14,-1,'00000000000000',3,-1),(652,'2021-06-08 10:59:20',0,0,'00000000000000',6,-1),(653,'2021-06-08 10:59:30',0,1,'00000000000000',6,-1),(654,'2021-06-08 11:00:19',0,0,'00000000000000',6,-1),(655,'2021-06-08 14:47:22',28.2,-1,'00000000000000',1,-1),(656,'2021-06-08 14:47:22',43,-1,'00000000000000',2,-1),(657,'2021-06-08 14:47:25',0,0,'00000000000000',6,-1),(658,'2021-06-08 14:47:27',28.1,-1,'00000000000000',1,-1),(659,'2021-06-08 14:47:29',43,-1,'00000000000000',2,-1),(660,'2021-06-08 14:47:35',23.44,-1,'00000000000000',3,-1),(661,'2021-06-08 14:52:22',0,0,'00000000000000',7,-1),(662,'2021-06-08 14:52:25',0,1,'00000000000000',7,-1),(663,'2021-06-08 14:52:30',0,0,'00000000000000',7,-1),(664,'2021-06-08 14:52:33',0,1,'00000000000000',6,-1),(665,'2021-06-08 14:52:44',0,0,'00000000000000',6,-1),(666,'2021-06-10 10:27:53',0,0,'00000000000000',6,-1),(667,'2021-06-10 10:27:54',25.4,-1,'00000000000000',1,-1),(668,'2021-06-10 10:27:57',56,-1,'00000000000000',2,-1),(669,'2021-06-10 10:28:01',19.9,-1,'00000000000000',3,-1),(670,'2021-06-10 10:28:54',0,0,'00000000000000',6,-1),(671,'2021-06-10 10:29:01',25.3,-1,'00000000000000',1,-1),(672,'2021-06-10 10:29:02',55,-1,'00000000000000',2,-1),(673,'2021-06-10 10:29:03',3.96,-1,'00000000000000',3,-1),(674,'2021-06-10 10:29:15',0,1,'00000000000000',7,-1),(675,'2021-06-10 10:29:36',0,0,'00000000000000',7,-1),(676,'2021-06-10 10:29:42',0,1,'00000000000000',6,-1),(677,'2021-06-10 10:29:56',0,0,'00000000000000',6,-1),(678,'2021-06-10 10:30:32',0,1,'00000000000000',6,-1),(679,'2021-06-10 10:30:45',0,0,'00000000000000',6,-1),(680,'2021-06-10 10:31:54',0,0,'00000000000000',6,-1),(681,'2021-06-10 10:32:21',0,1,'00000000000000',6,-1),(682,'2021-06-10 10:32:35',0,0,'00000000000000',6,-1),(683,'2021-06-10 10:32:44',2.1,-1,'00000000000000',3,-1),(684,'2021-06-10 10:32:45',25.3,-1,'00000000000000',1,-1),(685,'2021-06-10 10:32:48',56,-1,'00000000000000',2,-1),(686,'2021-06-10 10:33:18',25.1,-1,'00000000000000',1,-1),(687,'2021-06-10 10:33:19',56,-1,'00000000000000',2,-1),(688,'2021-06-10 10:33:20',2.25,-1,'00000000000000',3,-1),(689,'2021-06-10 10:33:31',0,1,'00000000000000',6,-1),(690,'2021-06-10 10:33:53',39.1,-1,'00000000000000',3,-1),(691,'2021-06-10 10:33:54',25.1,-1,'00000000000000',1,-1),(692,'2021-06-10 10:33:54',56,-1,'00000000000000',2,-1),(693,'2021-06-10 10:34:16',65.13,-1,'00000000000000',3,-1),(694,'2021-06-10 10:34:17',25.1,-1,'00000000000000',1,-1),(695,'2021-06-10 10:34:21',56,-1,'00000000000000',2,-1),(696,'2021-06-10 10:34:35',21.81,-1,'00000000000000',3,-1),(697,'2021-06-10 10:34:35',25.1,-1,'00000000000000',1,-1),(698,'2021-06-10 10:34:39',56,-1,'00000000000000',2,-1),(699,'2021-06-10 10:35:01',1.17,-1,'00000000000000',3,-1),(700,'2021-06-10 10:35:02',25.1,-1,'00000000000000',1,-1),(701,'2021-06-10 10:35:07',56,-1,'00000000000000',2,-1),(702,'2021-06-10 10:35:23',3.49,-1,'00000000000000',3,-1),(703,'2021-06-10 10:35:23',25.2,-1,'00000000000000',1,-1),(704,'2021-06-10 10:35:24',60,-1,'00000000000000',2,-1),(705,'2021-06-10 10:35:39',2.88,-1,'00000000000000',3,-1),(706,'2021-06-10 10:35:39',26,-1,'00000000000000',1,-1),(707,'2021-06-10 10:35:40',93,-1,'00000000000000',2,-1),(708,'2021-06-10 10:35:56',2.98,-1,'00000000000000',3,-1),(709,'2021-06-10 10:35:56',27.6,-1,'00000000000000',1,-1),(710,'2021-06-10 10:35:57',95,-1,'00000000000000',2,-1),(711,'2021-06-10 10:36:16',3.17,-1,'00000000000000',3,-1),(712,'2021-06-10 10:36:17',29.5,-1,'00000000000000',1,-1),(713,'2021-06-10 10:36:22',95,-1,'00000000000000',2,-1),(714,'2021-06-10 10:37:36',4.32,-1,'00000000000000',3,-1),(715,'2021-06-10 10:37:40',31.1,-1,'00000000000000',1,-1),(716,'2021-06-10 10:37:41',95,-1,'00000000000000',2,-1),(717,'2021-06-10 10:38:05',5.13,-1,'00000000000000',3,-1),(718,'2021-06-10 10:38:06',29.9,-1,'00000000000000',1,-1),(719,'2021-06-10 10:38:11',46,-1,'00000000000000',2,-1),(720,'2021-06-10 10:39:26',0,0,'00000000000000',6,-1),(721,'2021-06-10 10:39:44',0,1,'00000000000000',6,-1),(722,'2021-06-10 10:39:53',5.08,-1,'00000000000000',3,-1),(723,'2021-06-10 10:39:54',29.2,-1,'00000000000000',1,-1),(724,'2021-06-10 10:39:54',47,-1,'00000000000000',2,-1),(725,'2021-06-10 10:42:03',6.25,-1,'00000000000000',3,-1),(726,'2021-06-10 10:42:04',27.4,-1,'00000000000000',1,-1),(727,'2021-06-10 10:42:06',51,-1,'00000000000000',2,-1),(728,'2021-06-10 10:43:19',6.13,-1,'00000000000000',3,-1),(729,'2021-06-10 10:43:19',26.4,-1,'00000000000000',1,-1),(730,'2021-06-10 10:43:20',54,-1,'00000000000000',2,-1),(731,'2021-06-10 10:43:36',6.4,-1,'00000000000000',3,-1),(732,'2021-06-10 10:43:36',26.1,-1,'00000000000000',1,-1),(733,'2021-06-10 10:43:37',55,-1,'00000000000000',2,-1),(734,'2021-06-10 10:43:46',26,-1,'00000000000000',1,-1),(735,'2021-06-10 10:43:46',55,-1,'00000000000000',2,-1),(736,'2021-06-10 10:43:47',5.93,-1,'00000000000000',3,-1),(737,'2021-06-10 10:44:08',0,0,'00000000000000',6,-1),(738,'2021-06-10 10:46:05',0,0,'00000000000000',6,-1),(739,'2021-06-10 10:59:00',0,0,'00000000000000',6,-1),(740,'2021-06-10 10:59:18',0,1,'00000000000000',7,-1),(741,'2021-06-10 10:59:24',0,0,'00000000000000',7,-1),(742,'2021-06-10 10:59:46',0,0,'00000000000000',6,-1),(743,'2021-06-10 10:59:51',25.5,-1,'00000000000000',1,-1),(744,'2021-06-10 10:59:53',55,-1,'00000000000000',2,-1),(745,'2021-06-10 10:59:55',3.25,-1,'00000000000000',3,-1),(746,'2021-06-10 11:00:12',0,1,'00000000000000',6,-1),(747,'2021-06-10 11:02:03',0,0,'00000000000000',6,-1),(748,'2021-06-10 11:02:17',0,1,'00000000000000',6,-1),(749,'2021-06-10 11:03:31',0,0,'00000000000000',6,-1),(750,'2021-06-10 11:04:00',0,0,'00000000000000',6,-1),(751,'2021-06-10 11:04:03',25.5,-1,'00000000000000',1,-1),(752,'2021-06-10 11:04:03',55,-1,'00000000000000',2,-1),(753,'2021-06-10 11:04:05',4.3,-1,'00000000000000',3,-1),(754,'2021-06-10 11:04:32',3.47,-1,'00000000000000',3,-1),(755,'2021-06-10 11:04:33',25.4,-1,'00000000000000',1,-1),(756,'2021-06-10 11:04:33',56,-1,'00000000000000',2,-1),(757,'2021-06-10 11:04:51',25.4,-1,'00000000000000',1,-1),(758,'2021-06-10 11:04:51',56,-1,'00000000000000',2,-1),(759,'2021-06-10 11:04:52',3.42,-1,'00000000000000',3,-1),(760,'2021-06-10 11:12:05',0,0,'00000000000000',6,-1),(761,'2021-06-10 11:12:07',25.3,-1,'00000000000000',1,-1),(762,'2021-06-10 11:12:11',56,-1,'00000000000000',2,-1),(763,'2021-06-10 11:12:13',12.75,-1,'00000000000000',3,-1),(764,'2021-06-10 11:12:23',0,1,'00000000000000',6,-1),(765,'2021-06-10 11:12:34',0,0,'00000000000000',6,-1),(766,'2021-06-10 11:12:49',0,1,'00000000000000',6,-1),(767,'2021-06-10 11:14:04',0,0,'00000000000000',6,-1),(768,'2021-06-10 11:14:07',25.3,-1,'00000000000000',1,-1),(769,'2021-06-10 11:14:12',57,-1,'00000000000000',2,-1),(770,'2021-06-10 11:14:13',15.24,-1,'00000000000000',3,-1),(771,'2021-06-10 11:14:34',0,1,'00000000000000',6,-1),(772,'2021-06-10 11:14:43',25.3,-1,'00000000000000',1,-1),(773,'2021-06-10 11:14:43',57,-1,'00000000000000',2,-1),(774,'2021-06-10 11:14:44',32.26,-1,'00000000000000',3,-1),(775,'2021-06-10 11:15:33',0,1,'00000000000000',7,-1),(776,'2021-06-10 11:15:54',0,0,'00000000000000',7,-1),(777,'2021-06-10 11:15:57',31.62,-1,'00000000000000',3,-1),(778,'2021-06-10 11:15:57',25.3,-1,'00000000000000',1,-1),(779,'2021-06-10 11:15:58',57,-1,'00000000000000',2,-1),(780,'2021-06-10 11:16:19',0,0,'00000000000000',6,-1),(781,'2021-06-10 12:52:44',0,0,'00000000000000',6,-1),(782,'2021-06-10 12:52:56',0,1,'00000000000000',6,-1),(783,'2021-06-10 12:53:04',0,0,'00000000000000',6,-1),(784,'2021-06-10 12:53:40',0,1,'00000000000000',6,-1),(785,'2021-06-10 12:53:45',0,0,'00000000000000',6,-1),(786,'2021-06-10 12:54:01',26.3,-1,'00000000000000',1,-1),(787,'2021-06-10 12:54:01',55,-1,'00000000000000',2,-1),(788,'2021-06-10 12:54:02',8.11,-1,'00000000000000',3,-1),(789,'2021-06-10 12:54:10',0,1,'00000000000000',7,-1),(790,'2021-06-10 12:54:17',0,1,'00000000000000',6,-1),(791,'2021-06-10 12:54:25',0,0,'00000000000000',6,-1),(792,'2021-06-10 12:54:29',0,0,'00000000000000',7,-1),(793,'2021-06-10 12:55:16',26.3,-1,'00000000000000',1,-1),(794,'2021-06-10 12:55:16',55,-1,'00000000000000',2,-1),(795,'2021-06-10 12:55:17',8.77,-1,'00000000000000',3,-1),(796,'2021-06-10 12:55:59',0,1,'00000000000000',6,-1),(797,'2021-06-10 12:56:05',0,0,'00000000000000',6,-1),(798,'2021-06-10 12:56:19',0,1,'00000000000000',6,-1),(799,'2021-06-10 12:56:31',26.4,-1,'00000000000000',1,-1),(800,'2021-06-10 12:56:31',52,-1,'00000000000000',2,-1),(801,'2021-06-10 12:56:32',20.34,-1,'00000000000000',3,-1),(802,'2021-06-10 12:56:52',26.4,-1,'00000000000000',1,-1),(803,'2021-06-10 12:56:53',52,-1,'00000000000000',2,-1),(804,'2021-06-10 12:56:56',25.32,-1,'00000000000000',3,-1),(805,'2021-06-10 12:57:11',0,0,'00000000000000',6,-1),(806,'2021-06-10 12:57:15',0,1,'00000000000000',7,-1),(807,'2021-06-10 12:57:29',26.6,-1,'00000000000000',1,-1),(808,'2021-06-10 12:57:30',51,-1,'00000000000000',2,-1),(809,'2021-06-10 12:57:35',9.23,-1,'00000000000000',3,-1),(810,'2021-06-10 12:57:40',0,0,'00000000000000',7,-1),(811,'2021-06-10 12:59:40',9.28,-1,'00000000000000',3,-1),(812,'2021-06-10 12:59:40',26.6,-1,'00000000000000',1,-1),(813,'2021-06-10 12:59:43',51,-1,'00000000000000',2,-1),(814,'2021-06-10 13:00:10',26.7,-1,'00000000000000',1,-1),(815,'2021-06-10 13:00:11',51,-1,'00000000000000',2,-1),(816,'2021-06-10 13:00:12',9.13,-1,'00000000000000',3,-1),(817,'2021-06-10 13:00:40',26.7,-1,'00000000000000',1,-1),(818,'2021-06-10 13:00:41',51,-1,'00000000000000',2,-1),(819,'2021-06-10 13:00:42',24.18,-1,'00000000000000',3,-1),(820,'2021-06-10 13:00:54',26.7,-1,'00000000000000',1,-1),(821,'2021-06-10 13:00:54',51,-1,'00000000000000',2,-1),(822,'2021-06-10 13:00:55',7.74,-1,'00000000000000',3,-1),(823,'2021-06-10 13:02:45',5.79,-1,'00000000000000',3,-1),(824,'2021-06-10 13:02:46',26.8,-1,'00000000000000',1,-1),(825,'2021-06-10 13:02:50',51,-1,'00000000000000',2,-1),(826,'2021-06-10 13:03:31',26.9,-1,'00000000000000',1,-1),(827,'2021-06-10 13:03:31',51,-1,'00000000000000',2,-1),(828,'2021-06-10 13:03:33',4.08,-1,'00000000000000',3,-1),(829,'2021-06-10 13:09:42',27.2,-1,'00000000000000',1,-1),(830,'2021-06-10 13:09:42',50,-1,'00000000000000',2,-1),(831,'2021-06-10 13:09:44',4.59,-1,'00000000000000',3,-1),(832,'2021-06-10 13:11:51',27.2,-1,'00000000000000',1,-1),(833,'2021-06-10 13:11:51',50,-1,'00000000000000',2,-1),(834,'2021-06-10 13:11:53',4.76,-1,'00000000000000',3,-1),(835,'2021-06-10 13:14:24',0,1,'00000000000000',6,-1),(836,'2021-06-10 13:14:44',0,0,'00000000000000',6,-1),(837,'2021-06-10 13:15:55',0,1,'00000000000000',6,-1),(838,'2021-06-10 13:16:13',0,0,'00000000000000',6,-1),(839,'2021-06-10 13:16:33',9.77,-1,'00000000000000',3,-1),(840,'2021-06-10 13:16:34',27.2,-1,'00000000000000',1,-1),(841,'2021-06-10 13:16:34',50,-1,'00000000000000',2,-1),(842,'2021-06-10 13:18:30',27.4,-1,'00000000000000',1,-1),(843,'2021-06-10 13:18:30',50,-1,'00000000000000',2,-1),(844,'2021-06-10 13:18:31',11.62,-1,'00000000000000',3,-1),(845,'2021-06-10 13:39:25',9.38,-1,'00000000000000',3,-1),(846,'2021-06-10 13:39:25',27.4,-1,'00000000000000',1,-1),(847,'2021-06-10 13:39:27',50,-1,'00000000000000',2,-1),(848,'2021-06-10 13:46:56',27.9,-1,'00000000000000',1,-1),(849,'2021-06-10 13:46:56',49,-1,'00000000000000',2,-1),(850,'2021-06-10 13:46:57',8.82,-1,'00000000000000',3,-1),(851,'2021-06-10 13:47:09',27.9,-1,'00000000000000',1,-1),(852,'2021-06-10 13:47:09',49,-1,'00000000000000',2,-1),(853,'2021-06-10 13:47:11',8.35,-1,'00000000000000',3,-1),(854,'2021-06-10 13:47:19',27.9,-1,'00000000000000',1,-1),(855,'2021-06-10 13:47:19',49,-1,'00000000000000',2,-1),(856,'2021-06-10 13:47:20',8.67,-1,'00000000000000',3,-1),(857,'2021-06-10 13:49:18',27.9,-1,'00000000000000',1,-1),(858,'2021-06-10 13:49:18',49,-1,'00000000000000',2,-1),(859,'2021-06-10 13:49:23',6.37,-1,'00000000000000',3,-1),(860,'2021-06-10 13:49:30',27.9,-1,'00000000000000',1,-1),(861,'2021-06-10 13:49:32',49,-1,'00000000000000',2,-1),(862,'2021-06-10 13:49:38',6.11,-1,'00000000000000',3,-1),(863,'2021-06-10 13:49:51',7.03,-1,'00000000000000',3,-1),(864,'2021-06-10 13:49:51',27.9,-1,'00000000000000',1,-1),(865,'2021-06-10 13:49:52',49,-1,'00000000000000',2,-1),(866,'2021-06-10 13:49:58',28,-1,'00000000000000',1,-1),(867,'2021-06-10 13:49:58',50,-1,'00000000000000',2,-1),(868,'2021-06-10 13:50:00',7.06,-1,'00000000000000',3,-1),(869,'2021-06-10 13:51:27',28,-1,'00000000000000',1,-1),(870,'2021-06-10 13:51:27',50,-1,'00000000000000',2,-1),(871,'2021-06-10 13:51:29',6.28,-1,'00000000000000',3,-1),(872,'2021-06-10 13:51:57',28,-1,'00000000000000',1,-1),(873,'2021-06-10 13:51:57',50,-1,'00000000000000',2,-1),(874,'2021-06-10 13:51:58',5.91,-1,'00000000000000',3,-1),(875,'2021-06-10 13:52:10',28,-1,'00000000000000',1,-1),(876,'2021-06-10 13:52:10',50,-1,'00000000000000',2,-1),(877,'2021-06-10 13:52:11',6.15,-1,'00000000000000',3,-1),(878,'2021-06-10 13:52:38',6.74,-1,'00000000000000',3,-1),(879,'2021-06-10 13:52:41',28,-1,'00000000000000',1,-1),(880,'2021-06-10 13:52:42',50,-1,'00000000000000',2,-1),(881,'2021-06-10 13:52:59',28,-1,'00000000000000',1,-1),(882,'2021-06-10 13:52:59',50,-1,'00000000000000',2,-1),(883,'2021-06-10 13:53:00',7.42,-1,'00000000000000',3,-1),(884,'2021-06-10 13:54:58',28,-1,'00000000000000',1,-1),(885,'2021-06-10 13:54:58',50,-1,'00000000000000',2,-1),(886,'2021-06-10 13:55:02',8.94,-1,'00000000000000',3,-1),(887,'2021-06-10 13:55:05',28,-1,'00000000000000',1,-1),(888,'2021-06-10 13:55:06',50,-1,'00000000000000',2,-1),(889,'2021-06-10 13:55:07',8.99,-1,'00000000000000',3,-1),(890,'2021-06-10 13:55:43',28,-1,'00000000000000',1,-1),(891,'2021-06-10 13:55:43',50,-1,'00000000000000',2,-1),(892,'2021-06-10 13:55:45',8.82,-1,'00000000000000',3,-1),(893,'2021-06-10 13:55:51',28,-1,'00000000000000',1,-1),(894,'2021-06-10 13:55:52',50,-1,'00000000000000',2,-1),(895,'2021-06-10 13:55:53',8.99,-1,'00000000000000',3,-1),(896,'2021-06-10 13:56:58',9.79,-1,'00000000000000',3,-1),(897,'2021-06-10 13:57:00',28,-1,'00000000000000',1,-1),(898,'2021-06-10 13:57:01',50,-1,'00000000000000',2,-1),(899,'2021-06-10 14:07:50',8.69,-1,'00000000000000',3,-1),(900,'2021-06-10 14:07:51',28,-1,'00000000000000',1,-1),(901,'2021-06-10 14:07:51',50,-1,'00000000000000',2,-1),(902,'2021-06-10 14:08:03',28.2,-1,'00000000000000',1,-1),(903,'2021-06-10 14:08:03',50,-1,'00000000000000',2,-1),(904,'2021-06-10 14:08:07',8.35,-1,'00000000000000',3,-1),(905,'2021-06-10 14:10:45',5.52,-1,'00000000000000',3,-1),(906,'2021-06-10 14:10:46',28.2,-1,'00000000000000',1,-1),(907,'2021-06-10 14:10:48',50,-1,'00000000000000',2,-1),(908,'2021-06-10 14:16:11',7.79,-1,'00000000000000',3,-1),(909,'2021-06-10 14:16:15',28.2,-1,'00000000000000',1,-1),(910,'2021-06-10 14:16:15',50,-1,'00000000000000',2,-1),(911,'2021-06-10 14:17:29',28.3,-1,'00000000000000',1,-1),(912,'2021-06-10 14:17:29',50,-1,'00000000000000',2,-1),(913,'2021-06-10 14:17:30',4.98,-1,'00000000000000',3,-1),(914,'2021-06-10 14:20:16',4.66,-1,'00000000000000',3,-1),(915,'2021-06-10 14:20:16',28.3,-1,'00000000000000',1,-1),(916,'2021-06-10 14:20:21',50,-1,'00000000000000',2,-1),(917,'2021-06-10 14:24:03',0,1,'00000000000000',6,-1),(918,'2021-06-10 14:24:18',0,0,'00000000000000',6,-1),(919,'2021-06-10 14:24:26',28.3,-1,'00000000000000',1,-1),(920,'2021-06-10 14:24:26',50,-1,'00000000000000',2,-1),(921,'2021-06-10 14:24:28',5.98,-1,'00000000000000',3,-1),(922,'2021-06-10 14:24:36',0,1,'00000000000000',7,-1),(923,'2021-06-10 14:24:39',0,0,'00000000000000',7,-1),(924,'2021-06-10 14:27:13',11.89,-1,'00000000000000',3,-1),(925,'2021-06-10 14:27:13',28.3,-1,'00000000000000',1,-1),(926,'2021-06-10 14:27:14',49,-1,'00000000000000',2,-1),(927,'2021-06-10 14:31:13',28.3,-1,'00000000000000',1,-1),(928,'2021-06-10 14:31:13',49,-1,'00000000000000',2,-1),(929,'2021-06-10 14:31:14',13.06,-1,'00000000000000',3,-1),(930,'2021-06-10 14:33:06',0,1,'00000000000000',7,-1),(931,'2021-06-10 14:33:17',0,0,'00000000000000',7,-1),(932,'2021-06-10 14:33:57',0,1,'00000000000000',6,-1),(933,'2021-06-10 14:34:05',0,0,'00000000000000',6,-1),(934,'2021-06-15 07:14:00',0,0,'00000000000000',6,-1),(935,'2021-06-15 07:19:49',27.8,-1,'00000000000000',1,-1),(936,'2021-06-15 07:19:49',49,-1,'00000000000000',2,-1),(937,'2021-06-15 07:20:56',28.3,-1,'00000000000000',1,-1),(938,'2021-06-15 07:20:58',48,-1,'00000000000000',2,-1),(939,'2021-06-15 07:21:05',28.3,-1,'00000000000000',1,-1),(940,'2021-06-15 07:21:07',48,-1,'00000000000000',2,-1),(941,'2021-06-15 07:22:15',0,1,'00000000000000',6,-1),(942,'2021-06-15 07:22:35',0,0,'00000000000000',6,-1),(943,'2021-06-15 07:36:46',0,0,'00000000000000',6,-1),(944,'2021-06-15 07:37:02',28.5,-1,'00000000000000',1,-1),(945,'2021-06-15 07:37:02',48,-1,'00000000000000',2,-1),(946,'2021-06-15 07:38:16',0,0,'00000000000000',6,-1),(947,'2021-06-15 07:38:25',28.5,-1,'00000000000000',1,-1),(948,'2021-06-15 07:38:25',48,-1,'00000000000000',2,-1),(949,'2021-06-15 07:38:25',0,1,'00000000000000',7,-1),(950,'2021-06-15 07:38:55',0,0,'00000000000000',6,-1),(951,'2021-06-15 07:39:06',0,0,'00000000000000',7,-1),(952,'2021-06-15 07:44:15',0,0,'00000000000000',6,-1),(953,'2021-06-15 07:44:17',28.5,-1,'00000000000000',1,-1),(954,'2021-06-15 07:44:24',48,-1,'00000000000000',2,-1),(955,'2021-06-15 07:44:25',0,1,'00000000000000',7,-1),(956,'2021-06-15 07:45:36',28.5,-1,'00000000000000',1,-1),(957,'2021-06-15 07:45:36',48,-1,'00000000000000',2,-1),(958,'2021-06-15 07:45:36',0,1,'00000000000000',7,-1),(959,'2021-06-15 07:45:37',0,0,'00000000000000',6,-1),(960,'2021-06-15 07:45:43',28.5,-1,'00000000000000',1,-1),(961,'2021-06-15 07:45:46',48,-1,'00000000000000',2,-1),(962,'2021-06-15 07:45:46',0,1,'00000000000000',7,-1),(963,'2021-06-15 07:45:53',0,0,'00000000000000',7,-1),(964,'2021-06-15 07:50:41',28.6,-1,'00000000000000',1,-1),(965,'2021-06-15 07:50:41',48,-1,'00000000000000',2,-1),(966,'2021-06-15 07:50:42',0,1,'00000000000000',7,-1),(967,'2021-06-15 07:51:05',28.6,-1,'00000000000000',1,-1),(968,'2021-06-15 07:51:05',48,-1,'00000000000000',2,-1),(969,'2021-06-15 07:51:05',0,1,'00000000000000',7,-1),(970,'2021-06-15 07:51:16',28.6,-1,'00000000000000',1,-1),(971,'2021-06-15 07:51:17',48,-1,'00000000000000',2,-1),(972,'2021-06-15 07:51:17',0,1,'00000000000000',7,-1),(973,'2021-06-15 07:53:45',20.63,-1,'00000000000000',3,-1),(974,'2021-06-15 07:53:45',28.6,-1,'00000000000000',1,-1),(975,'2021-06-15 07:53:45',48,-1,'00000000000000',2,-1),(976,'2021-06-15 07:53:46',0,1,'00000000000000',7,-1),(977,'2021-06-15 07:54:39',28.5,-1,'00000000000000',1,-1),(978,'2021-06-15 07:54:39',48,-1,'00000000000000',2,-1),(979,'2021-06-15 07:54:39',0,1,'00000000000000',7,-1),(980,'2021-06-15 07:55:01',28.5,-1,'00000000000000',1,-1),(981,'2021-06-15 07:55:01',48,-1,'00000000000000',2,-1),(982,'2021-06-15 07:55:02',0,1,'00000000000000',7,-1),(983,'2021-06-15 07:55:03',0,0,'00000000000000',6,-1),(984,'2021-06-15 07:55:34',28.5,-1,'00000000000000',1,-1),(985,'2021-06-15 07:55:34',48,-1,'00000000000000',2,-1),(986,'2021-06-15 07:55:35',0,1,'00000000000000',7,-1),(987,'2021-06-15 07:55:36',0,0,'00000000000000',6,-1),(988,'2021-06-15 07:56:49',0,0,'00000000000000',6,-1),(989,'2021-06-15 07:56:53',28.5,-1,'00000000000000',1,-1),(990,'2021-06-15 07:56:55',48,-1,'00000000000000',2,-1),(991,'2021-06-15 07:57:00',0,1,'00000000000000',7,-1),(992,'2021-06-15 07:57:54',28.5,-1,'00000000000000',1,-1),(993,'2021-06-15 07:57:54',48,-1,'00000000000000',2,-1),(995,'2021-06-15 07:57:55',0,0,'00000000000000',6,-1),(996,'2021-06-15 07:59:32',28.7,-1,'00000000000000',1,-1),(997,'2021-06-15 07:59:32',48,-1,'00000000000000',2,-1),(998,'2021-06-15 07:59:32',0,1,'00000000000000',7,-1),(999,'2021-06-15 07:59:33',0,0,'00000000000000',6,-1),(1000,'2021-06-15 07:59:41',28.6,-1,'00000000000000',1,-1),(1001,'2021-06-15 07:59:41',48,-1,'00000000000000',2,-1),(1002,'2021-06-15 07:59:41',0,1,'00000000000000',7,-1),(1003,'2021-06-15 08:00:10',28.6,-1,'00000000000000',1,-1),(1004,'2021-06-15 08:00:10',48,-1,'00000000000000',2,-1),(1005,'2021-06-15 08:00:14',0,1,'00000000000000',7,-1),(1006,'2021-06-15 08:00:42',28.6,-1,'00000000000000',1,-1),(1007,'2021-06-15 08:00:42',48,-1,'00000000000000',2,-1),(1008,'2021-06-15 08:00:42',0,1,'00000000000000',7,-1),(1009,'2021-06-15 08:24:50',28.6,-1,'00000000000000',1,-1),(1010,'2021-06-15 08:24:50',48,-1,'00000000000000',2,-1),(1011,'2021-06-15 08:24:51',0,1,'00000000000000',7,-1),(1013,'2021-06-15 08:45:28',28.8,-1,'00000000000000',1,-1),(1014,'2021-06-15 08:45:29',47,-1,'00000000000000',2,-1),(1015,'2021-06-15 08:45:29',0,1,'00000000000000',7,-1),(1016,'2021-06-15 08:46:03',28.9,-1,'00000000000000',1,-1),(1017,'2021-06-15 08:46:04',47,-1,'00000000000000',2,-1),(1018,'2021-06-15 08:46:07',0,1,'00000000000000',7,-1),(1019,'2021-06-15 09:03:22',28.8,-1,'00000000000000',1,-1),(1020,'2021-06-15 09:03:22',47,-1,'00000000000000',2,-1),(1021,'2021-06-15 09:03:22',0,1,'00000000000000',7,-1),(1022,'2021-06-15 09:03:24',0,0,'00000000000000',6,-1),(1023,'2021-06-15 09:03:57',0,0,'00000000000000',6,-1),(1024,'2021-06-15 09:04:03',28.7,-1,'00000000000000',1,-1),(1025,'2021-06-15 09:04:05',47,-1,'00000000000000',2,-1),(1026,'2021-06-15 09:04:08',0,1,'00000000000000',7,-1),(1027,'2021-06-15 09:06:08',0,0,'00000000000000',6,-1),(1028,'2021-06-15 09:06:11',28.7,-1,'00000000000000',1,-1),(1029,'2021-06-15 09:06:16',47,-1,'00000000000000',2,-1),(1030,'2021-06-15 09:06:16',0,1,'00000000000000',7,-1),(1031,'2021-06-15 09:07:06',0,0,'00000000000000',6,-1),(1032,'2021-06-15 09:07:08',28.7,-1,'00000000000000',1,-1),(1033,'2021-06-15 09:07:14',47,-1,'00000000000000',2,-1),(1034,'2021-06-15 09:07:14',0,1,'00000000000000',7,-1),(1035,'2021-06-15 09:08:08',0,0,'00000000000000',6,-1),(1036,'2021-06-15 09:08:10',28.7,-1,'00000000000000',1,-1),(1037,'2021-06-15 09:08:13',47,-1,'00000000000000',2,-1),(1038,'2021-06-15 09:08:14',0,1,'00000000000000',7,-1),(1039,'2021-06-15 09:09:02',0,0,'00000000000000',6,-1),(1040,'2021-06-15 09:09:05',28.7,-1,'00000000000000',1,-1),(1041,'2021-06-15 09:09:12',47,-1,'00000000000000',2,-1),(1042,'2021-06-15 09:09:12',0,1,'00000000000000',7,-1),(1043,'2021-06-15 09:14:14',28.7,-1,'00000000000000',1,-1),(1044,'2021-06-15 09:14:14',47,-1,'00000000000000',2,-1),(1045,'2021-06-15 09:14:17',0,1,'00000000000000',7,-1),(1046,'2021-06-15 09:50:01',0,0,'00000000000000',6,-1),(1047,'2021-06-15 09:50:03',28.7,-1,'00000000000000',1,-1),(1048,'2021-06-15 09:50:07',47,-1,'00000000000000',2,-1),(1049,'2021-06-15 09:50:11',0,1,'00000000000000',7,-1),(1050,'2021-06-15 09:50:14',0.12,-1,'00000000000000',3,-1),(1051,'2021-06-15 09:54:27',0,0,'00000000000000',6,-1),(1052,'2021-06-15 09:54:30',29,-1,'00000000000000',1,-1),(1053,'2021-06-15 09:54:34',47,-1,'00000000000000',2,-1),(1054,'2021-06-15 09:54:34',0,1,'00000000000000',7,-1),(1055,'2021-06-15 09:55:04',0,0,'00000000000000',6,-1),(1056,'2021-06-15 09:55:07',28.8,-1,'00000000000000',1,-1),(1057,'2021-06-15 09:55:12',47,-1,'00000000000000',2,-1),(1058,'2021-06-15 09:55:12',0,1,'00000000000000',7,-1),(1059,'2021-06-15 10:00:14',28.7,-1,'00000000000000',1,-1),(1060,'2021-06-15 10:00:14',47,-1,'00000000000000',2,-1),(1061,'2021-06-15 10:00:17',0,1,'00000000000000',7,-1),(1062,'2021-06-15 10:01:51',0,0,'00000000000000',6,-1),(1064,'2021-06-15 10:02:00',47,-1,'00000000000000',2,-1),(1065,'2021-06-15 10:02:01',0,1,'00000000000000',7,-1),(1066,'2021-06-15 10:02:02',1.56,-1,'00000000000000',3,-1),(1067,'2021-06-15 10:02:41',0,0,'00000000000000',6,-1),(1069,'2021-06-15 10:02:48',47,-1,'00000000000000',2,-1),(1070,'2021-06-15 10:02:49',0,1,'00000000000000',7,-1),(1071,'2021-06-15 10:02:51',1.03,-1,'00000000000000',3,-1),(1072,'2021-06-15 10:03:18',0,0,'00000000000000',6,-1),(1073,'2021-06-15 10:03:24',28.7,-1,'00000000000000',1,-1),(1074,'2021-06-15 10:03:26',47,-1,'00000000000000',2,-1),(1075,'2021-06-15 10:03:32',0,1,'00000000000000',7,-1),(1076,'2021-06-15 10:05:05',0,0,'00000000000000',6,-1),(1077,'2021-06-15 10:05:07',28.7,-1,'00000000000000',1,-1),(1078,'2021-06-15 10:05:15',47,-1,'00000000000000',2,-1),(1079,'2021-06-15 10:05:15',0,1,'00000000000000',7,-1),(1080,'2021-06-15 10:05:17',0.32,-1,'00000000000000',3,-1),(1081,'2021-06-15 10:06:46',0,0,'00000000000000',6,-1),(1083,'2021-06-15 10:06:53',47,-1,'00000000000000',2,-1),(1084,'2021-06-15 10:06:54',0,1,'00000000000000',7,-1),(1085,'2021-06-15 10:06:56',1.29,-1,'00000000000000',3,-1),(1086,'2021-06-15 10:07:20',0,0,'00000000000000',6,-1),(1087,'2021-06-15 10:07:23',28.7,-1,'00000000000000',1,-1),(1088,'2021-06-15 10:07:33',47,-1,'00000000000000',2,-1),(1089,'2021-06-15 10:07:38',0,1,'00000000000000',7,-1),(1090,'2021-06-15 10:07:39',1.03,-1,'00000000000000',3,-1),(1091,'2021-06-15 10:12:44',28.7,-1,'00000000000000',1,-1),(1092,'2021-06-15 10:12:44',47,-1,'00000000000000',2,-1),(1093,'2021-06-15 10:12:44',0,1,'00000000000000',7,-1),(1094,'2021-06-15 10:12:46',1.56,-1,'00000000000000',3,-1),(1095,'2021-06-15 10:14:50',0,0,'00000000000000',6,-1),(1096,'2021-06-15 10:14:59',28.7,-1,'00000000000000',1,-1),(1097,'2021-06-15 10:14:59',47,-1,'00000000000000',2,-1),(1098,'2021-06-15 10:14:59',0,1,'00000000000000',7,-1),(1099,'2021-06-15 10:15:01',1.17,-1,'00000000000000',3,-1),(1100,'2021-06-15 10:20:14',28.7,-1,'00000000000000',1,-1),(1101,'2021-06-15 10:20:15',47,-1,'00000000000000',2,-1),(1102,'2021-06-15 10:20:15',0,1,'00000000000000',7,-1),(1103,'2021-06-15 10:20:17',1.29,-1,'00000000000000',3,-1),(1104,'2021-06-15 10:25:18',28.7,-1,'00000000000000',1,-1),(1105,'2021-06-15 10:25:18',47,-1,'00000000000000',2,-1),(1106,'2021-06-15 10:25:19',0,1,'00000000000000',7,-1),(1107,'2021-06-15 10:25:20',0.83,-1,'00000000000000',3,-1),(1108,'2021-06-15 10:25:26',28.7,-1,'00000000000000',1,-1),(1109,'2021-06-15 10:25:27',47,-1,'00000000000000',2,-1),(1110,'2021-06-15 10:25:30',0,1,'00000000000000',7,-1),(1111,'2021-06-15 10:25:40',1.03,-1,'00000000000000',3,-1),(1112,'2021-06-15 10:25:48',0,0,'00000000000000',7,-1),(1113,'2021-06-15 10:26:10',0,1,'00000000000000',6,-1),(1114,'2021-06-15 10:26:27',0,0,'00000000000000',6,-1),(1115,'2021-06-15 10:26:40',0.22,-1,'00000000000000',3,-1),(1116,'2021-06-15 10:26:40',28.7,-1,'00000000000000',1,-1),(1117,'2021-06-15 10:26:45',46,-1,'00000000000000',2,-1),(1118,'2021-06-15 10:26:47',0,1,'00000000000000',7,-1),(1119,'2021-06-15 10:28:01',28.7,-1,'00000000000000',1,-1),(1120,'2021-06-15 10:28:01',47,-1,'00000000000000',2,-1),(1121,'2021-06-15 10:28:02',0,1,'00000000000000',7,-1),(1122,'2021-06-15 10:28:42',28.7,-1,'00000000000000',1,-1),(1123,'2021-06-15 10:28:43',46,-1,'00000000000000',2,-1),(1124,'2021-06-15 10:28:43',0,1,'00000000000000',7,-1),(1125,'2021-06-15 10:30:14',0.15,-1,'00000000000000',3,-1),(1126,'2021-06-15 10:30:15',28.7,-1,'00000000000000',1,-1),(1127,'2021-06-15 10:30:15',47,-1,'00000000000000',2,-1),(1128,'2021-06-15 10:30:21',0,1,'00000000000000',7,-1),(1129,'2021-06-15 10:30:25',28.7,-1,'00000000000000',1,-1),(1130,'2021-06-15 10:30:25',47,-1,'00000000000000',2,-1),(1131,'2021-06-15 10:30:26',0,1,'00000000000000',7,-1),(1132,'2021-06-15 10:30:51',0.32,-1,'00000000000000',3,-1),(1133,'2021-06-15 10:30:52',28.7,-1,'00000000000000',1,-1),(1134,'2021-06-15 10:30:53',47,-1,'00000000000000',2,-1),(1135,'2021-06-15 10:30:53',0,1,'00000000000000',7,-1),(1136,'2021-06-15 10:31:22',0.27,-1,'00000000000000',3,-1),(1137,'2021-06-15 10:31:23',28.7,-1,'00000000000000',1,-1),(1138,'2021-06-15 10:31:28',46,-1,'00000000000000',2,-1),(1139,'2021-06-15 10:31:29',0,1,'00000000000000',7,-1),(1140,'2021-06-15 10:31:43',0.39,-1,'00000000000000',3,-1),(1141,'2021-06-15 10:31:43',28.7,-1,'00000000000000',1,-1),(1142,'2021-06-15 10:31:44',47,-1,'00000000000000',2,-1),(1143,'2021-06-15 10:31:44',0,1,'00000000000000',7,-1),(1144,'2021-06-15 10:35:47',29,-1,'00000000000000',1,-1),(1145,'2021-06-15 10:35:47',0,0,'00000000000000',6,-1),(1146,'2021-06-15 10:35:47',47,-1,'00000000000000',2,-1),(1147,'2021-06-15 10:35:47',0,1,'00000000000000',7,-1),(1148,'2021-06-15 10:35:47',28.9,-1,'00000000000000',1,-1),(1149,'2021-06-15 10:35:54',46,-1,'00000000000000',2,-1),(1150,'2021-06-15 10:36:02',0,1,'00000000000000',7,-1),(1151,'2021-06-15 10:36:05',28.9,-1,'00000000000000',1,-1),(1152,'2021-06-15 10:36:20',46,-1,'00000000000000',2,-1),(1153,'2021-06-15 10:36:25',0,1,'00000000000000',7,-1),(1154,'2021-06-15 10:36:33',0,0,'00000000000000',6,-1),(1155,'2021-06-15 10:36:39',28.9,-1,'00000000000000',1,-1),(1156,'2021-06-15 10:36:43',46,-1,'00000000000000',2,-1),(1157,'2021-06-15 10:36:47',0,1,'00000000000000',7,-1),(1158,'2021-06-15 10:36:53',28.9,-1,'00000000000000',1,-1),(1160,'2021-06-15 10:36:58',0,1,'00000000000000',7,-1),(1161,'2021-06-15 10:37:43',28.9,-1,'00000000000000',1,-1),(1162,'2021-06-15 10:37:45',46,-1,'00000000000000',2,-1),(1163,'2021-06-15 10:37:46',0,1,'00000000000000',7,-1),(1164,'2021-06-15 10:41:59',28.9,-1,'00000000000000',1,-1),(1165,'2021-06-15 10:41:59',46,-1,'00000000000000',2,-1),(1166,'2021-06-15 10:41:59',0,1,'00000000000000',7,-1),(1167,'2021-06-15 10:42:05',0.05,-1,'00000000000000',3,-1),(1168,'2021-06-15 10:47:08',28.8,-1,'00000000000000',1,-1),(1169,'2021-06-15 10:47:08',46,-1,'00000000000000',2,-1),(1170,'2021-06-15 10:47:11',0,1,'00000000000000',7,-1);
/*!40000 ALTER TABLE `history` ENABLE KEYS */;
UNLOCK TABLES;

--
-- Table structure for table `language`
--

DROP TABLE IF EXISTS `language`;
/*!40101 SET @saved_cs_client     = @@character_set_client */;
/*!50503 SET character_set_client = utf8mb4 */;
CREATE TABLE `language` (
  `LanguageCode` char(2) NOT NULL,
  `Language` varchar(45) NOT NULL,
  PRIMARY KEY (`LanguageCode`),
  UNIQUE KEY `LanguageCode` (`LanguageCode`),
  UNIQUE KEY `Language` (`Language`)
) ENGINE=InnoDB DEFAULT CHARSET=utf8mb3;
/*!40101 SET character_set_client = @saved_cs_client */;

--
-- Dumping data for table `language`
--

LOCK TABLES `language` WRITE;
/*!40000 ALTER TABLE `language` DISABLE KEYS */;
INSERT INTO `language` VALUES ('nl','Dutch'),('en','English'),('fr','French'),('de','German'),('un','unknown');
/*!40000 ALTER TABLE `language` ENABLE KEYS */;
UNLOCK TABLES;
/*!40103 SET TIME_ZONE=@OLD_TIME_ZONE */;

/*!40101 SET SQL_MODE=@OLD_SQL_MODE */;
/*!40014 SET FOREIGN_KEY_CHECKS=@OLD_FOREIGN_KEY_CHECKS */;
/*!40014 SET UNIQUE_CHECKS=@OLD_UNIQUE_CHECKS */;
/*!40101 SET CHARACTER_SET_CLIENT=@OLD_CHARACTER_SET_CLIENT */;
/*!40101 SET CHARACTER_SET_RESULTS=@OLD_CHARACTER_SET_RESULTS */;
/*!40101 SET COLLATION_CONNECTION=@OLD_COLLATION_CONNECTION */;
/*!40111 SET SQL_NOTES=@OLD_SQL_NOTES */;

-- Dump completed on 2021-06-15 13:52:17
